"id","sid","X2015.10.08.00.12.00","X2015.10.08.00.34.00","X2015.10.08.00.40.00","X2015.10.08.01.32.00","X2015.10.08.01.52.00","X2015.10.08.02.52.00","X2015.10.08.02.58.00","X2015.10.08.04.13.00","X2015.10.08.04.30.00","X2015.10.08.05.58.00","X2015.10.08.06.16.00","X2015.10.08.06.41.00","X2015.10.08.06.54.00","X2015.10.08.07.07.00","X2015.10.08.07.25.00","X2015.10.08.07.38.00","X2015.10.08.07.52.00","X2015.10.08.08.05.00","X2015.10.08.08.18.00","X2015.10.08.08.31.00","X2015.10.08.08.44.00","X2015.10.08.08.57.00","X2015.10.08.09.10.00","X2015.10.08.09.22.00","X2015.10.08.09.35.00","X2015.10.08.09.48.00","X2015.10.08.10.00.00","X2015.10.08.10.12.00","X2015.10.08.10.24.00","X2015.10.08.10.37.00","X2015.10.08.10.49.00","X2015.10.08.11.03.00","X2015.10.08.11.18.00","X2015.10.08.11.33.00","X2015.10.08.11.48.00","X2015.10.08.12.02.00","X2015.10.08.12.17.00","X2015.10.08.12.32.00","X2015.10.08.12.47.00","X2015.10.08.12.59.00","X2015.10.08.13.12.00","X2015.10.08.13.24.00","X2015.10.08.13.37.00","X2015.10.08.13.49.00","X2015.10.08.14.02.00","X2015.10.08.14.15.00","X2015.10.08.14.28.00","X2015.10.08.14.40.00","X2015.10.08.14.53.00","X2015.10.08.15.07.00","X2015.10.08.15.20.00","X2015.10.08.15.33.00","X2015.10.08.15.46.00","X2015.10.08.15.59.00","X2015.10.08.16.13.00","X2015.10.08.16.26.00","X2015.10.08.16.39.00","X2015.10.08.16.52.00","X2015.10.08.17.06.00","X2015.10.08.17.19.00","X2015.10.08.17.32.00","X2015.10.08.17.53.00","X2015.10.08.18.12.00","X2015.10.08.18.25.00","X2015.10.08.18.38.00","X2015.10.08.18.51.00","X2015.10.08.19.04.00","X2015.10.08.19.17.00","X2015.10.08.19.30.00","X2015.10.08.19.43.00","X2015.10.08.19.55.00","X2015.10.08.20.08.00","X2015.10.08.20.21.00","X2015.10.08.20.39.00","X2015.10.08.20.53.00","X2015.10.08.21.03.00","X2015.10.08.21.18.00","X2015.10.08.21.29.00","X2015.10.08.21.41.00","X2015.10.08.21.53.00","X2015.10.08.22.04.00","X2015.10.08.22.16.00","X2015.10.08.22.27.00","X2015.10.08.22.38.00","X2015.10.08.22.56.00","X2015.10.08.23.04.00","X2015.10.08.23.16.00","X2015.10.08.23.24.00","X2015.10.08.23.35.00","X2015.10.08.23.50.00","X2015.10.08.23.56.00"
"1",72,0,0,-1,1,0,0,0,0,0,0,0,0,0,0,0,0,0,0,0,0,0,0,0,0,0,0,0,0,0,0,0,15,0,0,0,0,0,0,0,0,0,-1,1,0,0,0,0,0,-1,1,0,0,0,0,0,0,1,-1,0,1,0,-1,0,0,0,-1,1,0,0,1,-1,0,0,0,0,1,-1,0,0,0,0,0,0,0,0,0,0,0,0,0,0
"2",79,0,0,0,0,0,0,0,2,0,0,0,0,0,0,-1,0,0,0,0,0,0,1,-1,0,0,0,0,0,0,0,0,0,1,-1,0,0,0,-1,1,0,0,0,0,1,-1,0,0,0,0,0,0,0,-1,2,0,-1,0,0,0,0,0,0,0,1,-1,0,0,0,0,0,1,-1,0,0,0,0,0,0,0,0,0,0,0,0,0,0,0,0,0,0,0
"3",82,0,0,0,0,0,0,0,0,0,0,0,0,0,0,0,0,0,0,0,0,0,0,0,0,0,0,0,0,0,0,0,0,0,0,0,0,0,0,0,0,0,0,0,0,0,0,0,0,0,0,0,0,0,2,-1,0,0,0,0,0,0,0,0,0,0,0,0,0,0,0,0,0,0,0,0,0,0,0,0,0,0,0,0,0,0,0,0,0,0,0,0
"4",83,0,0,0,0,0,0,0,0,0,0,0,0,0,0,0,0,0,0,0,0,1,0,0,0,0,0,0,0,0,-1,0,0,0,0,0,0,0,0,0,0,0,0,0,0,0,0,0,0,0,0,0,0,0,1,0,0,0,0,0,0,0,0,0,0,0,0,0,0,0,0,0,0,0,0,0,0,0,0,0,0,0,-1,1,0,0,1,-1,0,0,0,0
"5",116,0,0,0,0,0,0,0,0,0,0,0,-1,1,0,0,0,0,0,0,0,1,-1,0,0,0,0,1,-1,0,0,0,0,0,0,0,0,-1,0,0,0,1,0,0,0,0,-1,-1,0,-1,-1,1,-1,0,0,1,0,-1,0,0,1,-1,-1,1,0,1,-1,0,0,-1,0,1,0,0,-1,0,2,0,0,0,-1,1,-1,1,0,0,0,0,0,0,0,0
"6",120,0,0,0,0,0,0,0,0,0,0,0,0,0,0,0,0,0,0,0,0,-1,0,0,0,0,0,0,0,0,0,6,0,0,0,0,0,0,0,0,0,0,0,0,0,1,0,-1,0,0,0,0,0,0,0,0,0,0,0,0,0,0,0,0,1,0,-1,0,0,0,0,0,0,0,0,0,0,0,0,0,0,0,0,0,0,0,0,0,0,0,0,0
"7",127,0,0,0,0,0,0,0,0,0,0,0,0,0,0,0,0,0,0,0,0,0,-1,1,0,-2,2,-1,1,0,1,0,0,0,0,0,0,1,-1,0,-1,1,0,0,0,0,0,0,0,0,0,0,0,0,0,0,0,0,-2,2,0,-1,1,-1,-1,0,1,-1,1,0,0,0,0,0,0,0,2,-2,0,0,0,1,-1,0,0,0,0,0,0,-1,1,0
"8",137,0,0,0,0,0,0,0,0,0,0,0,0,0,0,0,0,0,0,0,1,-1,0,0,0,0,0,0,0,-1,0,0,0,0,0,-13,-9,0,0,0,0,0,0,0,0,0,0,0,0,-1,1,0,0,0,0,0,0,0,-1,1,0,1,-1,0,0,0,-1,0,15,22,4,1,0,0,0,0,0,0,0,0,0,0,0,0,0,0,0,0,0,0,0,0
"9",143,0,0,0,0,0,1,0,0,0,0,0,0,0,0,0,0,0,0,0,0,0,0,0,-1,0,0,0,0,0,0,0,0,0,0,0,0,0,0,0,0,0,0,0,0,0,0,0,0,1,-1,0,0,1,-1,0,0,0,0,1,-1,0,0,0,0,0,0,0,0,0,0,0,0,0,0,0,-1,1,0,0,0,0,0,0,0,0,0,0,0,0,0,0
"10",144,0,0,0,0,0,0,0,0,0,0,0,0,-1,1,0,0,0,0,0,0,-3,1,0,0,-1,0,0,0,0,0,0,0,0,0,0,0,0,0,0,0,0,0,0,0,0,0,0,0,0,0,0,0,0,1,0,0,0,0,0,0,0,0,0,0,0,0,0,0,0,0,0,0,0,0,0,0,0,0,0,0,0,0,0,0,0,0,0,0,0,0,0
"11",146,0,0,0,0,0,2,0,0,0,0,0,0,0,0,10,4,5,10,0,0,0,0,0,0,0,-1,1,0,0,0,0,0,0,1,0,0,0,0,1,-1,0,0,0,0,0,0,1,-1,0,0,0,-1,-4,-5,-5,-5,-5,-5,0,-1,1,0,-1,0,0,0,0,-1,1,0,1,-1,0,0,0,1,0,1,0,0,0,0,0,0,0,0,0,0,0,0,0
"12",147,0,0,0,0,0,0,0,0,0,0,0,0,0,0,-4,-5,0,-5,1,-2,1,-2,1,0,0,0,0,0,0,0,0,0,0,0,0,0,1,-1,0,0,0,1,-1,0,0,0,0,-1,0,0,0,0,0,1,-1,0,0,0,0,0,1,-1,-1,0,-1,1,-1,1,0,0,1,-1,0,0,0,0,0,0,0,0,0,0,0,0,0,0,0,0,0,0,0
"13",150,0,0,0,0,0,0,0,-9,0,0,0,0,0,1,-1,0,0,0,0,-1,0,0,0,0,0,0,0,0,0,0,0,0,0,0,0,0,0,0,0,0,0,0,0,0,0,0,0,-2,0,0,0,0,0,0,0,0,0,0,-1,1,-1,1,0,0,0,0,1,-1,0,0,0,0,0,0,0,-1,1,0,0,0,0,0,0,0,0,0,0,0,0,0,0
"14",151,0,0,0,0,0,0,0,0,0,0,0,0,0,0,0,0,0,1,0,0,-1,0,1,1,-1,0,0,0,1,-1,0,1,0,1,-1,0,0,-1,0,0,1,-1,1,1,-1,1,-1,-1,1,0,0,0,0,0,0,0,0,0,-1,-2,0,1,0,1,-1,1,-2,1,0,0,-1,0,0,0,0,0,0,0,0,0,1,-1,0,0,0,0,0,0,0,0,0
"15",152,0,0,0,0,0,-1,0,0,0,0,0,-1,1,1,0,0,0,0,0,0,0,0,0,0,0,0,0,0,0,0,0,0,0,0,0,0,0,0,0,0,0,0,0,0,0,0,0,0,-1,1,0,0,0,0,0,0,0,0,0,1,-1,0,0,0,-1,1,0,0,0,0,0,0,0,0,0,0,0,0,0,0,0,0,0,0,0,0,0,0,0,0,0
"16",157,0,0,0,0,0,0,0,0,0,0,0,0,0,0,0,0,0,0,0,0,0,0,0,0,0,0,0,0,0,0,0,0,0,0,0,0,0,-1,1,0,0,0,0,0,0,0,0,0,0,0,0,0,0,0,0,0,0,0,0,0,0,0,-1,1,-1,0,0,0,0,0,0,0,0,0,0,0,0,0,0,0,0,0,0,0,0,0,0,0,0,0,0
"17",160,0,0,0,0,0,0,0,0,0,0,-1,1,0,0,0,0,0,0,0,0,0,0,0,0,0,0,0,0,1,-1,0,0,0,0,0,0,0,0,0,0,0,0,0,0,0,0,0,0,1,0,0,0,0,0,0,0,0,0,0,0,-1,1,0,0,0,1,-1,0,1,-1,0,0,0,0,0,0,0,0,1,-1,0,0,0,0,1,-1,0,0,0,0,0
"18",161,0,0,0,0,0,0,0,0,0,0,0,0,0,0,0,0,0,0,0,-1,0,-1,2,0,-1,0,0,0,0,0,0,0,0,0,0,0,0,0,0,1,-1,0,0,0,0,0,0,-1,1,0,0,0,0,0,0,-1,1,0,0,-1,0,-2,2,1,-1,0,0,0,0,0,0,0,0,-1,1,1,-2,-1,0,1,0,0,0,0,0,0,0,0,0,0,0
"19",164,0,0,0,0,0,0,0,0,0,0,0,0,-1,1,0,0,0,0,0,0,-1,1,-1,-1,1,0,0,1,-1,0,0,0,0,-1,0,1,0,-1,2,-1,0,0,0,0,0,0,0,0,0,0,0,0,1,-1,0,0,0,0,0,0,0,-1,0,1,0,0,0,0,1,-1,0,0,0,0,0,0,0,0,0,0,0,0,0,0,0,0,0,0,0,0,0
"20",167,0,0,0,0,0,0,0,0,0,0,0,0,-1,0,0,0,1,0,0,-1,1,-1,0,1,1,-2,0,0,0,0,0,0,0,0,0,1,0,0,0,0,-1,0,0,1,0,-1,0,-2,1,1,0,0,0,0,0,-1,1,0,0,-1,0,0,2,-3,3,0,0,1,-1,0,0,-1,0,0,0,0,0,0,0,1,0,0,0,0,0,0,0,0,0,0,0
"21",168,0,0,0,0,0,0,0,0,0,11,1,-1,0,0,0,0,-1,1,-1,0,-1,1,-2,0,1,0,-1,1,-1,0,0,0,1,-1,0,0,0,-1,2,0,3,1,-1,-1,0,0,0,0,0,0,0,0,0,0,0,0,-1,1,0,0,-2,2,0,0,-1,0,1,-1,1,0,0,0,0,0,0,0,0,0,-1,1,0,0,0,0,0,0,0,0,0,0,0
"22",174,0,0,0,0,0,0,0,0,-1,1,0,0,0,0,0,0,0,0,0,-2,2,0,0,-1,0,-1,0,0,0,0,0,0,0,0,0,1,-1,0,0,0,0,0,0,0,0,0,0,1,-1,0,0,0,0,0,0,0,0,0,0,0,0,0,0,0,0,0,1,0,-1,0,-1,1,1,-1,0,1,0,0,0,0,0,0,1,-1,0,0,0,0,0,0,0
"23",195,0,0,0,0,0,0,0,0,0,0,0,0,2,-2,0,0,0,0,0,0,0,1,-1,0,0,0,0,0,0,0,0,0,0,0,0,0,0,0,0,0,-1,1,0,0,0,0,-1,1,0,1,-1,0,0,0,0,0,0,1,-1,-1,-1,2,0,0,0,-1,1,0,0,0,0,0,0,0,0,0,0,0,1,-1,0,0,-1,1,0,0,0,0,0,0,0
"24",212,0,0,0,0,0,0,0,0,0,0,0,1,-2,0,0,0,0,0,0,0,1,-1,1,-1,0,0,0,-1,1,0,0,0,0,0,0,0,-1,1,0,0,0,0,0,0,0,0,0,0,0,0,0,0,0,-1,1,0,0,1,-1,1,-1,0,1,0,0,0,0,0,-2,0,0,0,0,0,0,-1,1,0,0,-1,0,0,0,0,0,0,0,0,0,0,0
"25",216,0,0,0,0,0,0,0,0,0,0,0,0,0,0,0,0,0,0,0,0,0,0,0,0,0,0,0,0,0,0,0,0,0,0,0,0,0,0,0,0,0,0,0,0,0,0,0,0,0,0,0,0,0,0,0,0,0,0,0,0,0,2,-2,0,0,0,0,0,0,0,0,0,0,0,0,0,0,0,0,0,0,0,0,0,0,0,0,0,0,0,0
"26",217,0,0,0,0,0,0,0,0,0,0,0,0,0,0,0,0,0,0,0,0,-1,0,0,1,-1,0,0,0,0,0,0,0,0,0,0,0,1,-1,0,0,0,0,0,0,0,0,0,0,0,0,-1,1,0,0,0,0,0,0,0,0,0,-1,1,0,0,0,0,0,0,0,0,0,0,0,0,0,0,0,0,0,0,0,0,0,0,0,0,0,0,0,0
"27",218,0,0,0,0,0,0,0,0,0,0,0,0,0,0,0,0,0,0,0,0,0,0,0,0,0,0,0,-1,1,0,0,0,0,0,0,0,0,0,0,0,0,0,0,0,0,0,0,0,0,0,0,0,0,0,0,0,0,0,0,0,0,0,0,0,0,0,1,-1,0,0,0,0,0,0,0,0,0,0,0,0,0,0,0,0,0,0,0,0,0,0,0
"28",223,0,-1,1,0,0,0,0,0,0,0,0,0,0,0,0,0,0,0,0,0,0,1,-2,2,0,0,-1,1,-1,1,0,0,0,1,1,0,0,1,0,0,0,0,0,0,0,0,0,0,0,0,0,1,-1,0,0,0,0,0,0,0,0,0,0,1,-1,0,0,0,0,-1,0,-1,1,0,0,-1,2,0,0,0,0,0,0,0,0,0,0,-1,1,0,0
"29",224,0,0,0,0,0,0,0,0,0,0,0,0,0,0,0,0,0,0,0,0,0,-1,0,1,-2,1,0,0,0,0,0,-1,0,0,0,0,0,0,0,0,0,0,0,0,0,0,0,0,0,0,0,0,0,0,0,0,0,0,-1,1,0,0,1,0,0,-1,1,0,0,0,0,0,0,0,0,0,0,0,0,0,0,0,-1,0,0,0,0,0,0,0,0
"30",225,0,0,0,1,0,0,0,0,0,-1,0,0,0,0,0,0,0,0,0,0,0,1,-1,0,0,0,0,0,0,0,0,0,0,0,0,0,1,-1,0,0,0,0,1,-2,1,0,0,0,0,0,-1,1,0,0,0,0,0,0,0,0,0,0,0,0,0,0,0,0,-1,1,0,-1,1,0,0,0,0,0,0,0,0,0,0,0,0,0,0,0,0,0,0
"31",228,0,0,0,1,0,0,0,0,0,0,0,0,0,0,0,-1,1,0,0,1,-1,0,0,0,0,0,0,0,0,0,0,0,0,0,0,0,0,0,0,0,0,0,0,0,0,0,0,0,1,-1,0,0,0,0,0,0,0,0,0,-1,1,0,0,0,0,0,0,0,0,0,0,0,0,0,0,0,0,0,0,0,0,0,0,0,0,0,0,0,0,0,0
"32",229,0,0,0,0,0,0,0,0,0,0,0,0,0,0,0,0,0,0,0,0,0,0,0,0,0,0,-1,1,0,0,0,0,0,1,0,0,0,0,0,0,0,1,-1,0,0,0,0,0,0,0,0,0,0,0,0,0,0,0,0,0,1,-1,1,0,-2,0,2,-1,0,1,-1,0,0,0,0,0,0,-1,1,0,-1,1,0,0,0,0,0,0,0,0,1
"33",232,0,0,0,0,0,0,0,1,0,0,0,0,0,0,0,0,0,0,0,0,0,0,0,0,0,0,0,2,4,0,0,0,0,0,0,0,0,0,0,0,0,0,0,0,0,0,0,0,0,0,0,0,0,0,0,0,0,0,0,0,0,0,0,0,0,0,0,0,0,0,0,0,0,0,0,0,0,0,0,0,0,0,0,0,0,0,0,0,0,0,0
"34",233,0,0,0,0,0,0,0,0,0,0,0,0,0,0,0,0,0,0,0,1,-1,0,0,0,0,0,0,0,0,0,0,0,0,0,0,0,0,0,0,6,0,0,0,0,0,0,0,0,0,0,0,0,0,0,0,0,0,0,0,0,0,0,0,0,0,0,0,0,0,0,0,0,0,0,0,0,0,0,0,0,0,0,0,0,0,0,0,0,0,0,0
"35",236,4,0,0,-2,0,0,0,0,0,0,0,0,0,0,0,-1,1,0,0,0,0,0,1,1,0,0,2,20,0,0,0,0,0,0,-1,0,0,1,0,-1,2,-1,1,0,0,6,15,0,0,-2,-1,0,1,0,0,0,0,NA,NA,0,1,-2,0,1,-26,26,0,-1,-26,NA,NA,0,3,0,0,0,0,0,0,0,0,0,0,-1,2,-1,0,0,-1,NA,NA
"36",237,0,0,0,0,0,0,0,0,0,0,0,0,0,0,0,0,0,0,0,1,-2,1,0,-1,1,0,0,0,0,0,0,0,0,0,0,0,0,1,0,1,-1,-1,1,0,-1,0,0,0,0,0,0,0,0,0,0,0,0,1,-1,0,0,-1,2,-2,2,2,-4,2,-1,0,-1,1,0,0,0,0,0,1,-1,0,0,0,0,0,0,0,0,0,0,0,0
"37",238,0,0,0,0,0,0,0,0,0,0,0,0,0,0,0,0,0,0,0,-1,1,0,0,0,0,0,0,0,0,0,0,0,0,0,0,0,0,0,0,0,0,0,0,0,0,1,-1,1,-2,1,0,0,0,0,0,0,0,0,-1,0,2,-2,0,0,0,0,0,1,-2,0,0,0,0,0,0,0,0,0,0,0,0,0,0,0,0,0,0,0,0,0,0
"38",239,0,0,0,0,0,0,0,0,0,0,0,0,0,0,0,0,0,0,0,0,0,-1,0,1,0,0,0,0,1,-1,0,0,0,0,1,1,-1,0,-1,0,0,0,0,0,0,0,0,0,0,0,0,0,0,1,0,1,0,0,0,0,0,0,0,0,0,0,-1,1,0,0,-1,1,0,0,0,0,0,0,0,0,0,0,0,0,0,0,0,0,0,0,0
"39",241,0,0,0,0,0,0,0,0,0,0,0,0,0,0,0,0,0,0,0,0,0,0,0,0,0,0,0,0,0,0,0,0,0,0,0,0,0,0,0,0,0,0,0,0,0,0,0,0,0,0,-1,1,0,0,0,0,0,0,0,0,0,0,0,0,0,0,0,0,0,0,0,0,0,0,0,0,0,0,0,0,0,0,0,0,0,0,0,0,0,0,0
"40",242,0,0,0,0,0,0,0,0,0,0,0,0,0,0,0,-1,0,0,0,0,0,0,1,-1,0,0,0,0,0,0,0,0,0,0,0,0,0,0,0,0,0,0,0,0,1,-1,0,0,0,0,0,-1,1,0,0,0,0,1,0,0,0,0,0,0,0,0,0,0,0,0,0,0,0,0,0,0,0,0,0,0,0,0,0,0,0,0,0,0,0,0,0
"41",243,0,0,0,0,0,0,0,0,0,0,0,0,0,0,0,0,0,0,0,0,0,0,0,0,0,0,0,0,0,0,0,0,0,0,0,0,0,0,0,0,0,0,0,0,0,0,0,0,0,0,0,0,0,0,0,0,0,0,0,0,0,0,0,0,0,0,1,-1,0,0,0,0,0,0,0,0,0,0,0,0,0,0,0,0,0,0,0,0,0,0,0
"42",244,0,0,0,0,0,0,0,0,0,0,0,0,0,0,0,0,0,0,0,0,0,0,0,0,0,0,0,0,0,0,0,0,0,0,0,0,0,0,0,1,1,0,-1,0,0,0,0,0,0,0,0,0,0,0,0,1,0,0,0,0,0,0,0,0,0,0,0,0,0,0,0,0,0,0,0,0,0,0,0,0,-1,1,0,0,0,0,0,0,0,0,0
"43",245,0,0,0,0,0,0,0,0,0,0,0,0,0,0,0,0,0,0,0,0,0,0,0,0,0,0,0,0,0,0,0,0,0,0,0,0,5,0,0,0,0,0,0,0,0,0,0,0,0,0,0,0,0,0,0,0,0,0,0,0,0,0,0,0,0,0,0,0,0,0,0,0,0,0,0,0,0,0,0,0,0,0,0,0,0,0,0,0,0,0,1
"44",247,0,0,-1,1,0,0,0,-1,0,0,0,0,1,0,0,-1,0,0,0,0,0,0,0,0,0,0,0,0,0,0,0,0,0,0,0,-1,0,0,0,0,0,-1,1,0,0,0,0,0,0,0,0,0,1,-1,0,0,-1,0,1,0,0,0,0,0,0,0,0,0,0,0,0,0,0,0,0,0,0,0,0,0,0,0,0,0,0,0,0,0,0,0,0
"45",248,0,0,0,1,0,0,0,0,0,0,0,0,0,0,0,0,0,0,0,0,0,1,-1,0,0,0,0,0,0,0,0,0,0,0,0,0,0,0,0,-1,1,0,0,0,0,0,0,0,0,0,0,0,0,0,0,0,0,0,0,0,0,0,0,0,0,0,-2,1,0,0,0,0,0,0,0,0,0,0,0,0,0,0,0,0,0,0,0,0,0,0,0
"46",249,0,0,0,1,0,0,0,0,0,0,0,0,0,0,5,-5,0,0,0,0,0,0,0,1,-1,0,0,0,0,0,0,0,0,-1,1,0,0,0,0,0,0,0,0,1,-1,0,0,0,0,0,0,1,0,0,0,0,0,0,0,0,-1,0,0,0,0,1,-3,2,0,0,-1,1,0,0,0,-2,0,0,0,0,0,0,0,0,-1,1,0,0,0,0,0
"47",250,0,0,0,0,0,0,0,0,0,0,0,0,0,0,1,-1,0,0,0,0,-3,1,0,-1,0,0,0,0,0,-1,0,-1,1,0,0,1,-1,0,1,-2,0,1,-1,0,0,0,0,0,0,0,0,0,0,0,-1,1,-2,0,1,0,1,1,0,-4,4,0,0,0,1,1,0,-2,0,0,0,0,0,0,0,0,0,0,0,0,0,0,0,0,0,0,0
"48",251,-1,0,1,0,0,0,0,0,0,0,0,0,0,0,0,0,0,0,0,1,-1,-1,1,-1,1,0,0,0,0,0,0,0,2,-1,0,0,0,0,0,1,-1,0,0,0,1,-1,0,0,0,0,0,0,0,0,0,0,0,0,0,0,0,0,0,0,0,0,-1,1,0,-2,0,1,-1,0,0,0,-1,1,0,0,0,0,0,0,0,0,0,0,0,0,0
"49",252,0,0,0,0,0,0,0,0,0,0,0,0,-1,1,0,0,0,0,0,0,0,0,0,0,0,0,0,1,-1,0,0,-1,1,0,0,0,0,0,0,0,0,0,0,0,0,0,0,0,0,0,-1,0,-1,1,0,0,0,0,0,-1,1,0,0,-1,4,-3,0,0,-1,1,0,-1,1,0,0,0,0,0,0,0,0,0,0,0,0,-1,1,0,0,0,0
"50",253,0,0,0,0,0,0,0,0,0,1,0,0,0,0,0,0,0,0,0,0,0,-1,1,0,0,0,1,-1,1,-1,0,1,-1,0,0,0,0,0,0,0,0,-1,1,-1,1,0,-1,1,0,0,0,1,-1,0,0,0,0,0,-2,0,0,0,0,0,1,-1,0,0,0,0,0,-1,1,0,-1,-2,2,-1,1,0,0,0,0,0,0,0,0,0,0,0,0
"51",257,0,0,0,0,0,0,0,2,0,0,0,0,0,0,0,0,0,0,0,0,0,0,0,0,0,0,0,0,0,0,0,0,0,-1,0,0,3,-2,0,0,0,0,0,1,-1,0,0,0,0,0,0,0,0,0,0,0,0,-1,1,0,0,0,0,1,-1,0,0,0,0,-1,0,0,0,0,0,0,0,0,0,0,0,0,0,0,0,0,0,0,0,0,0
"52",258,0,0,0,0,0,0,0,0,0,0,0,0,0,0,0,0,0,0,0,0,0,0,0,0,0,0,0,1,0,0,0,0,0,1,0,0,0,0,0,0,0,0,0,0,0,0,0,0,0,0,0,0,0,0,0,0,0,0,0,0,0,0,0,0,1,-1,0,0,0,0,0,0,0,0,0,0,0,0,0,0,0,0,0,0,0,0,0,0,0,0,0
"53",259,0,0,0,0,0,0,0,0,0,0,0,0,0,0,0,0,0,0,0,0,0,0,0,-1,0,0,0,0,0,0,0,0,0,0,0,0,0,0,0,-2,2,-2,2,0,0,0,0,0,1,-1,0,-2,2,0,0,0,0,-1,1,1,-1,-1,0,-2,2,0,0,0,0,0,0,0,0,0,0,0,0,0,0,0,0,0,-1,1,0,0,0,0,0,0,0
"54",260,1,0,0,0,0,0,0,0,0,0,0,0,0,0,0,0,0,0,1,-5,-5,-9,0,-5,0,0,0,0,0,0,0,0,0,0,0,0,0,0,0,-1,0,0,0,0,0,0,0,0,0,0,0,0,0,0,0,0,0,0,0,0,-1,1,0,0,0,0,0,0,0,0,0,1,-1,0,0,0,0,0,0,0,0,0,0,0,0,0,0,0,0,0,0
"55",261,0,0,0,0,0,0,0,0,0,0,0,0,0,0,0,0,0,0,0,0,0,0,0,0,0,0,0,0,1,-1,0,0,0,0,0,0,0,0,0,0,0,0,0,0,0,0,0,0,0,0,0,0,0,0,0,0,0,0,0,0,0,1,-1,1,-1,0,0,-1,-1,0,1,-1,0,1,-1,0,0,0,0,0,0,0,-1,0,0,1,-1,0,0,0,0
"56",262,0,0,0,0,0,0,0,0,0,0,0,0,0,0,0,0,0,0,0,0,0,0,0,-1,1,0,0,0,0,0,0,0,0,2,-1,0,0,0,0,0,0,0,0,0,0,0,0,0,0,0,0,0,0,0,0,0,0,0,0,0,0,0,1,-1,0,0,0,0,0,0,0,0,0,0,0,0,0,0,0,0,0,0,0,0,0,0,0,0,0,0,0
"57",263,0,0,0,0,0,0,0,0,0,-1,1,0,0,0,0,0,0,0,0,0,0,0,0,0,0,0,0,0,0,0,0,0,0,0,0,0,0,0,0,-1,1,1,-1,0,0,0,0,-1,0,1,0,0,0,0,0,0,0,1,-1,1,-1,0,0,0,0,0,1,-1,0,0,0,-1,0,0,0,0,0,0,0,0,0,0,0,0,0,0,0,0,0,0,-1
"58",264,0,0,0,0,0,0,0,0,0,0,0,0,0,0,0,1,-1,0,-1,1,0,-1,0,0,0,0,0,0,0,0,0,0,0,0,0,0,0,0,0,0,0,0,0,0,0,0,0,1,-2,1,0,0,0,0,0,0,0,0,0,0,0,0,0,0,0,0,0,0,0,0,-3,3,0,0,0,1,-1,0,1,-1,0,0,0,0,0,0,0,0,0,0,0
"59",265,0,0,0,0,0,-14,0,0,0,0,0,1,-1,-1,0,-1,1,0,0,0,0,0,0,0,1,0,0,-1,1,0,0,1,-1,0,0,-1,1,0,0,0,0,0,0,0,0,0,0,0,1,-1,0,0,0,0,0,0,0,-1,1,-1,1,0,1,-1,0,0,0,0,1,0,-1,0,0,0,0,0,0,0,-1,1,0,0,0,0,0,0,0,0,0,0,0
"60",266,0,0,0,0,0,0,0,-10,0,0,0,0,0,0,0,0,0,0,0,0,0,0,0,0,0,0,0,0,0,0,0,0,0,0,0,0,0,0,0,0,0,0,0,0,-1,1,0,0,0,0,0,0,0,0,0,0,0,0,0,0,0,0,0,0,0,0,0,0,0,0,0,0,0,0,0,0,0,0,0,0,0,0,0,0,0,0,0,0,0,0,0
"61",267,0,0,0,0,0,0,0,0,0,0,0,0,0,0,0,0,0,0,0,0,-1,1,0,-1,1,0,0,0,0,-1,1,0,0,0,0,0,0,0,0,0,0,0,0,0,0,0,0,0,0,0,0,0,0,0,0,0,0,0,0,0,0,0,0,0,0,-1,0,1,0,0,0,0,0,0,0,0,0,0,0,0,0,0,0,0,0,0,0,0,0,0,0
"62",268,0,0,0,-1,0,1,0,0,0,-1,0,0,0,1,0,0,0,0,-1,2,-1,-1,-1,1,-1,0,1,-1,0,-1,0,0,0,0,2,0,0,0,-2,1,0,0,0,0,0,0,0,1,-2,1,0,0,0,0,0,0,0,0,-1,1,-1,-1,0,0,0,0,0,0,0,0,0,0,0,0,0,0,0,0,0,0,0,0,0,0,0,0,0,0,0,0,0
"63",270,0,0,0,0,0,0,0,0,0,0,0,0,0,0,0,0,0,0,0,1,-1,0,0,0,0,0,0,0,0,0,0,0,0,0,0,0,0,0,0,0,0,1,-1,-1,1,0,0,0,0,0,0,0,0,0,0,0,0,0,0,0,0,0,0,-1,1,-1,3,-2,0,0,0,0,-11,0,0,0,0,0,0,0,0,0,0,1,-1,0,0,0,0,0,0
"64",274,0,0,0,-11,0,0,0,0,0,0,0,0,0,0,0,0,0,0,0,0,1,-1,0,0,0,0,0,0,0,0,0,0,0,0,0,0,0,0,0,0,0,0,-1,0,0,0,0,0,0,0,0,0,0,0,0,0,0,0,0,1,-1,0,0,0,-1,0,0,0,0,0,0,0,0,0,0,-1,1,0,0,0,0,0,0,0,0,0,0,0,0,0,0
"65",275,0,0,0,0,0,0,0,0,0,0,0,0,0,-1,0,0,0,0,0,0,0,0,0,0,0,0,0,1,0,0,0,0,0,-1,0,0,0,0,0,0,0,0,0,0,0,0,0,0,0,0,0,0,0,0,0,0,0,0,0,0,0,0,0,0,0,0,0,0,0,0,0,0,0,0,0,0,0,0,0,0,0,0,0,0,0,0,0,0,0,0,0
"66",276,0,0,0,1,0,0,0,0,0,0,-1,1,0,0,0,0,0,0,0,0,0,-1,0,1,-1,0,0,0,-1,1,1,-1,0,-1,0,0,0,0,0,0,0,0,0,0,0,0,0,0,0,0,0,0,0,0,0,0,0,0,0,0,0,0,0,0,-1,1,0,0,0,0,0,0,0,0,0,-1,0,0,0,0,0,0,0,0,0,0,0,0,0,0,0
"67",278,0,0,0,0,0,0,0,0,0,0,0,0,0,0,-1,1,0,0,0,0,0,0,0,0,0,6,0,0,0,0,0,0,0,0,0,-1,0,0,0,0,0,0,0,0,0,0,0,0,-1,1,0,0,0,0,0,0,0,0,0,0,0,0,0,0,0,0,0,0,0,0,0,0,0,0,0,-1,1,0,0,0,0,0,0,0,0,0,0,0,0,0,0
"68",279,0,0,0,0,0,0,0,0,0,0,0,0,0,0,0,0,0,0,0,0,0,0,0,0,0,0,0,0,-1,1,0,0,0,0,0,0,0,-2,2,0,0,0,-1,1,0,0,1,-1,-1,1,0,0,0,0,0,0,0,0,0,-1,1,0,1,-2,1,0,0,0,0,0,0,-1,1,0,0,0,0,-1,1,0,0,0,0,0,0,0,0,0,-14,-9,-1
"69",280,0,0,0,0,0,0,0,0,0,0,0,0,0,0,0,0,0,0,0,0,0,-1,0,0,0,0,1,0,-1,0,0,0,0,0,1,1,0,0,0,0,0,-1,0,0,0,0,0,0,1,-1,0,0,0,0,0,0,0,-1,1,-1,0,1,0,0,1,0,0,0,-1,-3,-2,3,-3,0,0,0,1,-2,1,0,0,0,0,0,0,0,0,0,0,0,0
"70",281,1,-1,0,0,0,0,0,0,0,0,0,0,0,0,0,0,0,-1,0,0,1,-1,0,0,0,1,-1,2,-1,-1,1,-1,0,1,0,-1,0,1,0,0,0,-1,1,-1,0,0,0,-1,2,0,0,0,0,0,0,8,3,0,1,-1,0,0,2,-1,0,0,0,0,0,0,0,0,0,0,0,0,0,0,0,0,0,0,0,0,0,0,0,0,0,0,0
"71",282,0,0,0,0,0,0,0,0,0,0,0,0,0,0,0,0,0,0,0,0,0,0,0,0,0,0,0,0,0,0,0,0,0,0,0,0,3,-3,0,0,0,0,0,0,0,0,0,-1,1,0,0,0,0,0,0,0,0,0,0,0,0,-1,1,0,1,-1,0,0,0,0,0,-1,0,0,0,0,0,0,0,0,0,0,0,0,0,0,0,0,0,1,-1
"72",284,0,0,0,0,0,0,0,-15,0,0,0,1,0,-1,0,0,-1,1,0,0,0,0,1,-1,1,-1,-1,-1,1,0,0,0,0,0,0,0,0,0,0,0,0,0,0,-1,2,-1,0,0,2,-1,0,0,0,1,-1,0,0,0,0,0,-1,1,0,0,-2,2,-1,1,0,0,0,0,0,0,0,0,0,-1,1,0,0,0,0,0,0,0,0,0,0,0,1
"73",285,0,0,0,0,0,0,0,0,0,1,-1,2,-1,0,0,0,0,0,0,0,1,0,-1,0,-1,1,0,0,1,-1,0,0,0,0,0,-1,1,0,-1,0,0,-1,1,1,-1,0,-1,1,1,-1,0,0,1,-1,0,0,0,0,0,0,0,2,-2,0,0,-1,0,0,0,3,-3,0,1,0,0,0,0,2,-2,0,0,0,0,-1,1,0,0,0,0,-1,0
"74",289,0,0,0,1,0,0,0,0,0,0,0,0,0,0,0,0,0,0,0,0,0,0,0,0,0,0,0,0,0,0,0,0,0,0,0,0,0,0,0,0,0,0,0,0,0,0,0,0,0,0,0,0,0,0,0,0,0,0,0,0,0,0,0,0,7,4,0,0,0,0,0,0,0,0,0,0,0,0,0,0,0,0,0,0,0,0,0,0,0,0,0
"75",290,0,0,0,0,0,0,1,7,0,0,0,0,0,0,0,0,0,0,0,0,0,0,0,0,0,0,0,0,0,-1,0,0,0,0,-2,0,0,0,0,0,0,0,0,0,0,0,0,0,1,-1,0,0,0,0,0,0,0,0,0,0,-1,1,-1,0,0,0,0,0,0,0,0,0,0,0,0,0,0,0,0,0,0,0,0,0,0,0,0,0,0,0,0
"76",291,0,0,0,0,0,0,0,0,0,0,0,0,0,0,0,0,0,0,-1,1,0,0,0,0,0,0,0,0,0,0,0,0,0,0,0,0,2,9,0,0,0,-1,1,0,0,0,-1,1,0,0,0,0,0,0,0,0,0,0,0,0,0,0,0,0,-1,0,0,0,-1,0,0,0,0,0,0,0,0,0,0,0,0,0,0,0,0,0,0,0,0,0,0
"77",293,1,-1,0,0,0,0,0,0,0,3,0,0,0,0,0,-1,1,-1,0,0,0,1,-1,1,-1,-1,0,0,0,1,0,0,0,0,0,0,-1,-1,0,-1,1,-1,1,-1,1,0,0,-1,2,-1,0,0,1,-1,0,1,0,0,0,-1,1,2,-3,0,0,1,0,-2,0,0,0,0,0,0,-1,-1,1,0,0,0,0,0,0,0,0,0,0,0,0,0,0
"78",295,0,0,0,0,0,0,0,0,0,0,0,0,0,0,0,0,0,0,0,0,0,-1,1,0,0,0,0,0,0,-1,1,0,1,-1,0,0,0,0,0,-1,1,1,-1,0,0,0,0,0,0,0,-1,1,0,0,0,0,0,0,0,0,0,0,0,0,0,1,-1,0,0,0,0,0,0,0,0,0,0,0,0,0,0,0,0,3,-3,0,0,0,0,0,0
"79",296,0,0,0,0,0,0,0,0,0,0,0,0,0,0,0,0,0,0,0,1,-1,0,-1,1,0,0,0,2,-2,0,0,0,1,-1,0,0,0,0,0,0,0,0,0,0,0,0,0,0,0,0,0,0,0,0,0,0,0,0,0,0,0,0,0,0,0,0,0,0,0,0,-1,1,0,0,0,0,0,0,0,0,-1,1,0,0,0,0,0,-1,1,1,0
"80",297,0,0,0,0,0,0,0,0,0,0,0,0,0,0,-1,0,1,0,0,0,-1,1,0,0,0,0,0,0,0,0,0,0,0,0,0,0,0,0,0,0,0,0,0,0,-1,1,0,0,-1,1,0,1,0,0,0,0,0,0,-1,0,0,0,-1,1,0,0,1,-2,-1,1,1,0,-2,0,0,0,0,-2,2,0,0,0,0,0,0,0,0,0,0,0,0
"81",298,0,-9,-6,0,0,0,0,0,1,0,0,0,0,0,0,0,0,0,0,0,0,0,0,0,0,0,0,0,0,0,0,0,0,0,0,0,0,0,0,0,0,0,0,0,0,0,0,0,0,0,0,0,0,0,0,0,0,0,0,0,0,0,0,0,0,0,0,0,0,0,1,-1,0,0,0,0,0,0,0,0,0,0,0,0,0,0,0,0,0,0,0
"82",300,-1,1,0,0,0,0,0,0,0,0,2,-1,1,0,0,0,0,0,0,0,0,-2,1,0,0,0,0,0,0,1,0,0,0,0,0,0,0,0,0,-1,0,0,0,-1,0,0,0,-1,0,0,0,0,0,0,0,0,0,0,0,0,0,-1,0,0,0,1,0,-3,3,-1,1,0,-1,0,0,0,0,0,0,0,0,0,0,0,0,0,0,0,-13,-13,0
"83",301,-1,1,0,0,0,0,0,0,0,0,0,0,0,0,0,0,0,0,0,-1,1,-1,1,0,0,0,0,0,0,0,0,0,0,0,0,0,0,0,0,0,0,0,0,0,0,0,0,0,0,0,0,-1,0,0,0,0,1,0,0,0,0,0,0,1,-1,0,0,0,0,0,0,0,0,0,0,-1,1,0,0,0,-3,1,-1,0,0,0,0,0,-15,0,0
"84",302,0,0,0,0,0,0,0,-9,0,0,0,0,-1,1,-1,1,0,0,0,0,0,0,0,0,0,0,0,0,0,0,0,0,0,0,0,0,0,0,0,1,-1,0,0,0,0,0,0,0,1,1,0,0,0,0,0,0,0,0,0,0,0,0,0,1,-1,1,-1,0,0,0,0,0,0,0,0,0,0,0,0,0,0,0,0,0,0,0,0,0,0,0,0
"85",303,0,0,0,0,0,0,0,0,0,0,0,0,0,0,0,0,0,-1,0,0,0,0,0,1,-1,1,-1,0,0,0,0,0,0,0,0,0,0,0,0,0,0,0,0,0,0,0,0,0,0,0,0,0,0,0,0,0,0,0,0,1,1,-2,0,1,-1,-1,1,0,0,0,0,0,0,0,0,0,0,0,0,0,0,0,0,0,0,1,-1,0,0,0,0
"86",304,0,1,0,0,0,0,0,0,0,0,0,0,0,0,0,0,0,0,-1,0,0,0,0,0,-1,1,0,0,0,0,0,0,0,0,0,3,-3,0,0,0,0,0,0,-2,2,0,0,-1,1,0,0,0,0,0,0,0,0,-1,1,-1,1,0,0,0,-2,1,0,0,0,1,0,0,0,0,0,0,0,0,0,0,0,0,0,0,0,0,0,0,0,0,0
"87",305,5,0,0,-1,-16,0,0,0,0,0,0,0,0,0,0,-2,0,0,0,0,0,0,0,-1,1,0,0,0,0,0,0,0,0,0,0,0,1,-1,0,-1,1,0,0,0,1,-1,0,0,0,-1,0,0,0,0,0,0,0,-1,1,0,-1,0,1,0,0,1,-1,-1,1,0,0,0,0,0,0,0,0,0,0,0,0,0,0,0,0,0,0,0,0,0,0
"88",306,0,0,-1,0,0,0,0,0,0,0,0,0,0,0,0,-1,0,0,0,0,0,1,-2,1,0,1,0,0,0,0,0,0,0,0,-1,0,0,0,0,0,0,0,0,0,0,0,0,0,0,0,0,-1,1,1,-1,-1,1,0,0,0,0,0,0,0,-1,1,2,-1,-2,0,1,0,1,0,0,0,0,0,0,0,0,0,0,0,0,0,0,0,0,0,0
"89",307,0,0,0,0,0,0,0,0,0,0,0,0,0,-2,0,0,0,0,0,0,0,0,0,3,-2,0,0,1,0,-1,0,0,0,0,0,1,0,0,0,0,0,-1,1,0,0,0,0,0,-1,0,0,0,0,0,0,0,0,0,0,0,0,0,0,0,0,0,1,-1,0,0,0,0,0,0,0,0,0,0,0,0,0,0,-1,1,0,-1,2,0,0,0,0
"90",308,9,0,0,0,0,0,0,1,0,0,-1,0,1,0,0,0,0,0,0,0,0,0,0,0,1,-1,0,0,0,0,0,0,0,0,0,0,0,0,0,0,0,0,-1,0,0,0,0,0,0,0,0,0,0,0,0,0,0,0,0,1,-1,0,0,0,0,-1,1,0,-1,1,0,0,0,0,0,0,0,0,0,0,0,0,0,0,0,0,0,0,0,0,1
"91",309,0,0,0,0,1,0,0,0,0,0,1,0,-1,0,0,0,-5,-5,0,0,1,-1,0,0,0,0,-1,1,0,0,0,0,0,0,0,0,0,0,0,0,0,0,0,0,-1,1,0,0,-1,0,0,2,-1,0,1,4,5,5,5,-1,0,1,-1,0,-1,2,0,0,-1,0,1,0,0,0,0,0,0,0,0,0,0,0,0,0,0,0,0,0,0,0,0
"92",310,-7,-11,0,0,0,0,0,0,0,0,0,0,0,0,0,0,0,0,0,0,0,0,0,0,0,0,0,0,0,0,0,0,0,0,0,0,0,0,0,0,0,0,0,0,0,0,0,0,0,0,0,0,0,0,0,0,0,-1,1,0,0,-1,0,0,1,-1,0,1,-1,0,0,0,0,0,0,0,0,0,0,0,0,0,0,0,0,0,0,0,0,0,0
"93",311,0,0,0,0,0,0,0,0,0,0,0,-3,0,-2,0,0,0,0,0,-1,1,0,0,0,0,0,0,0,0,0,0,0,0,0,0,2,0,-2,0,0,0,0,0,0,0,0,0,1,-1,-1,1,1,0,0,0,0,0,1,-1,0,1,-1,0,1,-1,0,0,1,-1,0,0,-1,1,0,0,0,0,0,0,0,-1,0,0,0,-1,1,0,-1,0,0,0
"94",312,0,0,0,0,0,0,0,0,0,0,0,0,0,0,0,0,0,0,0,0,0,0,0,0,0,0,1,-1,0,0,1,0,0,0,0,0,0,0,0,0,0,0,0,0,0,0,0,0,0,0,0,0,0,0,0,0,0,0,0,0,0,0,1,0,-1,0,1,-1,0,0,1,-2,0,0,0,1,-1,0,0,1,-1,0,0,0,0,0,0,0,0,0,0
"95",313,0,0,0,0,0,0,0,0,0,0,0,0,0,0,0,0,0,0,0,0,-1,1,0,0,0,0,0,0,0,0,0,0,0,0,0,0,0,0,0,0,0,0,0,0,0,0,0,0,-1,1,0,0,0,0,0,0,0,0,0,0,0,0,0,0,0,0,0,-1,1,0,0,0,0,0,0,0,0,0,0,0,0,0,0,0,0,0,0,0,0,0,0
"96",314,0,0,0,0,0,0,0,0,0,0,0,0,0,0,0,0,0,0,0,0,0,0,0,1,-1,0,0,0,0,0,0,0,0,0,0,0,0,0,0,0,0,0,0,0,0,0,0,0,0,0,0,0,0,0,0,0,0,0,0,0,-1,0,0,-1,1,0,0,0,0,0,0,0,0,0,0,0,0,0,0,0,0,0,0,0,0,0,0,0,0,0,0
"97",315,0,0,0,0,1,0,0,0,0,0,0,0,0,0,0,0,0,0,0,0,1,-1,0,0,0,0,0,0,0,0,0,0,0,0,0,0,0,0,0,0,0,0,0,1,-1,0,0,0,0,0,-2,2,0,0,0,0,0,0,0,-1,0,1,1,-2,1,0,0,0,0,0,0,0,0,0,0,0,0,0,0,0,0,0,0,0,0,0,0,0,0,0,0
"98",316,0,0,1,0,0,0,0,0,0,0,0,0,0,0,0,0,0,0,0,0,-1,1,-1,-2,2,-1,-1,0,0,0,0,0,0,0,0,0,0,1,-1,0,0,0,0,0,0,0,0,0,0,0,0,-1,0,0,0,0,0,0,0,0,0,0,-1,2,0,0,0,0,0,0,1,-1,0,0,0,-1,0,0,-1,1,0,0,0,0,0,0,0,0,0,0,0
"99",317,0,0,0,0,0,0,0,0,0,0,0,0,0,0,-3,3,0,0,0,-1,2,-1,0,0,0,0,0,0,0,0,0,0,-1,1,0,0,0,0,0,-1,1,1,-1,0,0,0,0,1,-2,1,0,0,0,1,-1,0,0,0,0,0,0,0,0,0,1,-1,0,0,0,0,0,0,0,0,0,0,0,0,0,0,1,-1,0,0,0,0,0,0,0,0,0
"100",318,0,0,0,0,0,0,0,0,0,0,0,0,1,-1,0,0,0,-1,6,4,6,4,0,0,5,-1,-1,2,0,0,0,0,0,0,0,0,0,0,0,0,0,0,0,0,0,0,0,-1,1,0,0,0,0,0,0,0,2,-1,0,0,0,0,-1,0,1,1,-1,2,-2,0,0,0,0,0,0,0,0,0,0,0,0,0,0,0,0,0,0,-1,1,0,0
"101",319,0,0,0,0,0,0,0,0,0,0,0,0,0,0,1,-1,0,0,0,0,1,-1,0,0,-1,1,0,0,0,-1,1,0,0,0,0,0,0,0,0,0,0,0,0,0,0,0,0,0,0,0,0,0,0,0,0,0,1,-1,0,0,0,1,-1,0,-1,2,-1,0,0,0,0,0,0,0,0,0,0,0,0,0,0,0,0,0,0,0,0,0,0,0,0
"102",320,0,-1,0,0,0,0,0,2,0,0,0,0,0,0,1,-1,0,0,0,0,0,0,0,0,0,0,-1,1,0,0,0,0,0,0,0,0,0,0,0,-1,1,0,0,0,0,0,0,0,0,0,0,-1,1,1,-1,0,0,0,0,0,0,-1,0,2,-1,0,1,-1,0,-1,1,1,-1,0,0,0,0,0,0,0,0,0,0,0,0,0,0,0,0,0,0
"103",321,0,0,0,0,0,0,0,0,0,0,0,0,0,0,0,0,0,0,0,0,0,0,0,0,0,0,0,0,0,0,0,0,0,0,1,0,0,0,0,0,0,0,0,0,0,0,0,0,0,0,0,0,0,0,0,0,0,0,0,0,-1,1,0,1,0,0,0,0,0,0,0,0,0,0,0,0,0,0,0,0,0,0,0,0,0,0,0,0,0,0,0
"104",322,0,0,0,0,0,0,0,0,0,0,0,0,0,0,0,0,0,0,0,0,0,0,0,0,0,0,0,0,0,0,0,0,0,0,0,0,0,0,0,0,0,0,0,0,0,0,0,0,0,0,0,0,0,0,0,0,0,0,0,0,0,0,-1,0,0,1,0,0,0,0,0,0,0,0,0,0,0,0,0,0,0,0,0,0,0,0,0,0,0,0,0
"105",323,0,0,0,0,0,0,0,1,0,0,0,0,0,0,0,0,0,0,0,0,0,0,0,0,0,0,0,0,0,0,0,0,0,0,0,0,0,0,0,1,-1,0,0,0,0,0,0,0,0,0,0,0,0,0,0,0,0,0,0,0,1,0,0,0,0,0,0,0,0,0,0,-1,1,0,0,0,0,0,0,0,0,0,0,0,0,0,0,0,0,0,0
"106",324,0,0,0,0,0,0,0,0,0,0,0,0,0,0,0,0,0,0,0,0,0,0,0,-3,-8,0,0,1,-1,0,0,0,0,0,-22,0,0,0,0,0,0,0,0,0,0,0,0,0,0,0,0,0,0,0,0,0,0,2,-1,-1,1,0,-13,-1,-1,1,1,0,-1,-1,1,-1,1,0,0,0,0,0,0,0,0,0,0,0,0,0,0,0,0,0,0
"107",326,0,0,0,0,0,0,0,0,0,0,0,0,0,0,-1,1,0,0,0,0,0,0,0,0,0,0,0,0,0,0,0,0,0,0,0,1,-1,0,0,0,-1,0,0,0,0,0,0,0,0,0,-1,0,1,0,0,0,0,0,0,0,0,0,0,1,0,-1,0,0,0,0,0,0,0,0,0,0,0,0,0,0,0,0,0,1,-1,0,0,0,0,0,0
"108",327,0,0,0,0,0,1,0,0,-1,1,-1,0,0,-1,2,-1,0,0,0,0,0,0,-1,0,-1,0,0,0,0,0,0,0,0,0,-1,0,0,0,0,1,-1,-1,1,0,0,0,0,0,0,0,0,0,0,0,0,0,0,1,-1,0,1,-1,1,-1,2,-1,0,0,0,-1,1,0,0,0,0,0,0,0,0,0,0,0,0,0,0,0,0,0,0,0,0
"109",328,0,0,0,0,0,0,0,0,0,0,0,0,0,0,1,0,0,0,0,0,0,0,0,0,0,0,0,0,2,-2,0,0,0,0,0,0,0,-1,1,0,0,1,-1,0,0,0,0,0,0,0,0,1,-1,0,0,0,0,0,0,0,0,-1,1,1,-1,0,2,-2,0,0,0,-1,1,0,0,0,0,0,0,0,0,0,0,0,0,0,0,0,0,0,0
"110",329,0,0,0,0,0,0,0,0,0,0,1,-1,-1,1,0,-4,-16,1,0,0,0,0,-1,0,0,0,0,-1,1,0,0,-1,1,0,0,0,0,0,0,0,0,0,0,0,0,0,0,-1,1,0,0,0,-1,1,0,0,0,-1,1,0,1,-1,1,-1,1,0,0,0,0,0,0,0,0,0,0,0,0,0,0,0,0,0,0,1,-1,0,0,0,0,0,0
"111",330,NA,0,0,0,0,0,0,0,0,0,-1,1,0,0,1,-1,0,-1,-1,2,-1,0,0,0,0,0,2,-2,0,0,0,0,0,0,0,0,0,0,0,0,0,0,0,0,0,0,0,0,0,0,0,0,1,-1,0,0,0,0,0,0,-1,1,0,0,0,0,0,0,0,0,-1,0,0,0,1,0,0,0,0,0,0,0,0,0,0,0,0,0,0,0,0
"112",331,0,0,0,0,0,0,0,0,0,0,0,0,0,0,0,0,0,0,1,0,0,-1,1,0,0,0,0,0,0,0,0,0,0,0,0,0,0,0,0,0,0,0,0,0,0,-1,1,0,0,0,0,0,0,0,0,0,0,0,0,0,0,0,0,0,0,0,0,0,0,0,0,0,0,0,0,0,0,0,0,0,0,0,0,0,0,0,0,0,0,0,0
"113",332,0,0,0,0,0,0,0,0,0,0,0,0,0,0,0,0,0,0,0,0,0,0,0,0,0,0,0,0,0,0,0,0,0,0,0,0,0,0,-1,1,0,0,0,0,0,0,0,0,0,0,0,0,0,0,0,0,0,0,0,0,-1,2,-1,0,0,0,0,0,0,0,0,0,0,0,0,0,0,0,0,0,0,0,0,0,0,0,0,0,0,0,0
"114",334,0,0,0,0,0,0,0,0,0,0,0,0,0,-1,1,0,0,0,0,0,0,-1,1,1,-1,0,0,0,1,-1,0,1,-1,0,0,-1,1,0,0,0,0,0,0,0,0,0,0,0,0,0,1,-1,0,-1,1,0,-1,1,0,0,0,1,1,-2,-1,1,-3,2,0,0,-1,1,0,0,0,0,0,0,0,0,1,-1,0,0,0,0,0,0,0,0,0
"115",335,0,0,0,3,0,0,0,0,0,0,0,0,0,0,0,0,0,0,0,0,0,0,0,0,0,0,0,0,1,-1,0,0,0,0,0,0,-1,1,0,1,-1,0,0,0,0,0,1,-2,1,0,-2,2,0,-1,1,0,0,0,0,0,0,0,0,0,0,-1,1,0,-1,1,0,0,0,0,0,0,0,0,0,0,0,-1,0,0,0,0,0,0,0,0,0
"116",336,0,0,0,0,0,0,0,0,0,0,0,0,0,0,0,0,0,0,-1,1,0,-1,1,0,0,0,0,-1,2,-1,1,-1,0,0,0,0,0,0,0,0,0,0,0,0,0,0,0,0,-1,1,0,0,0,0,0,0,0,0,0,-1,1,-1,2,0,-1,1,0,0,0,0,0,0,-1,0,0,1,-1,0,0,0,0,0,0,0,0,0,0,0,0,0,0
"117",337,0,0,0,0,0,0,0,0,0,0,0,1,-1,0,0,0,0,1,0,-8,-7,0,-13,-7,-10,-7,1,0,0,0,1,0,0,0,0,0,0,-1,1,0,0,0,0,0,0,0,0,0,0,0,0,0,0,2,0,0,-1,0,0,3,3,7,9,4,4,0,0,1,1,0,-1,1,0,0,0,0,0,0,0,0,0,0,0,0,0,0,0,0,0,0,0
"118",339,0,0,0,0,0,-8,0,0,0,0,0,0,0,0,0,0,0,0,0,0,0,0,0,0,0,0,0,0,0,0,0,0,0,0,0,0,0,0,0,0,0,0,0,0,0,10,4,0,0,0,0,0,0,0,0,0,0,0,0,0,0,0,0,0,-1,1,0,0,0,0,0,0,0,0,0,1,-1,0,0,0,0,0,0,0,0,0,0,0,0,0,0
"119",340,0,0,0,0,0,0,0,0,0,0,0,0,-1,1,0,0,-1,0,0,0,0,0,0,0,0,0,0,0,0,0,0,0,0,0,0,0,0,0,0,0,0,0,0,0,0,0,0,0,0,0,0,0,0,0,0,0,0,1,0,0,-1,1,0,0,0,0,0,0,0,0,0,1,-1,0,0,0,1,-1,0,0,0,0,0,0,0,0,0,0,0,0,0
"120",341,0,0,0,0,0,0,0,0,0,0,0,0,0,0,0,0,0,0,0,0,0,0,0,0,0,0,0,0,0,-1,0,1,0,0,0,0,0,0,0,0,0,0,0,0,0,0,0,0,0,0,0,0,0,0,0,0,0,0,0,0,0,0,0,0,0,0,1,-1,0,0,0,0,0,0,-1,0,0,0,0,0,0,0,0,0,0,0,0,0,0,0,0
"121",342,0,0,0,0,0,-12,0,0,0,-1,0,0,0,0,0,0,0,0,1,0,0,0,8,-1,0,0,8,0,0,0,0,0,0,8,0,-1,1,0,0,0,0,0,0,0,0,1,-1,0,0,0,0,0,1,-1,0,0,0,0,0,0,0,0,0,1,-1,1,-1,0,0,0,-1,-7,0,0,0,0,0,0,0,0,0,-7,-1,0,0,0,0,0,0,-18,0
"122",343,0,0,0,0,0,0,0,0,0,0,0,0,0,0,0,0,0,0,0,1,0,0,0,0,0,0,-3,2,0,0,0,0,1,-1,0,0,0,0,0,0,0,1,0,0,-1,0,0,0,0,0,0,0,0,0,0,0,0,0,0,0,1,0,0,0,0,11,0,0,1,-2,1,0,0,-1,1,0,0,0,0,0,0,0,0,0,0,0,0,0,0,0,0
"123",344,0,0,0,0,0,0,0,0,0,0,0,0,0,0,0,0,0,0,0,0,0,0,0,0,0,0,0,0,0,0,0,0,0,0,0,0,0,0,0,0,0,0,0,0,0,0,0,0,0,0,0,0,1,0,0,0,0,0,0,0,0,0,0,0,0,0,0,0,1,-1,1,-1,0,0,0,0,0,0,0,0,0,0,0,0,0,0,0,0,0,0,0
"124",345,0,3,0,0,0,0,0,0,0,1,-1,0,0,0,0,0,0,1,-2,1,0,0,0,0,0,0,0,0,0,0,-1,1,0,0,0,0,0,0,0,0,0,0,0,0,0,0,0,0,1,-1,0,-1,0,0,1,0,0,0,1,1,-1,1,-1,0,-1,1,0,0,0,0,0,1,-1,0,0,-1,1,0,0,0,0,1,-1,0,0,0,0,0,0,0,0
"125",346,0,0,0,-1,0,0,0,-1,0,0,0,0,0,0,0,0,0,-2,0,0,-1,1,0,0,0,0,0,0,0,0,0,0,0,0,0,0,0,0,0,0,0,0,0,0,0,0,0,1,0,0,0,0,0,-1,1,0,0,0,0,0,0,0,0,1,-1,0,-1,1,0,0,0,0,0,0,0,0,0,0,0,0,0,0,0,0,0,0,0,0,0,0,0
"126",347,0,0,0,0,0,0,0,0,0,0,0,0,0,0,0,0,1,0,-5,-13,-4,-10,-4,-1,0,-10,0,0,0,0,-11,-12,0,0,0,0,0,1,-1,1,-1,0,0,0,0,0,3,-3,-1,1,-2,1,0,0,0,0,0,0,0,1,5,3,7,5,5,4,0,0,1,0,-1,2,-1,0,-4,0,-2,13,0,0,2,-2,0,1,-1,0,0,0,0,0,0
"127",348,0,0,0,0,0,0,0,0,0,0,0,0,0,0,0,0,0,0,0,1,-2,0,0,1,-1,0,0,0,0,0,0,0,1,0,0,0,0,0,0,0,0,0,0,-11,0,0,0,0,-1,1,0,-1,2,-1,0,0,0,1,-1,0,-1,2,-2,1,-1,0,1,-1,0,0,0,0,0,0,0,0,0,0,0,0,0,0,0,-1,1,0,0,0,0,0,0
"128",350,0,0,0,0,0,0,0,0,0,0,0,0,0,0,0,0,0,0,0,0,0,0,0,0,0,0,0,0,0,0,0,0,0,0,0,0,0,0,0,0,0,0,0,0,0,0,0,0,0,0,0,0,0,0,0,0,0,0,-1,1,1,-1,0,0,2,-2,0,0,0,0,0,0,0,0,0,0,0,0,0,0,0,0,0,0,0,0,0,0,0,0,0
"129",351,0,0,0,0,0,0,0,0,0,0,0,0,0,0,1,-1,0,0,0,0,0,0,0,0,0,0,0,0,0,0,0,0,0,0,0,0,0,0,0,0,0,0,0,0,0,0,0,0,0,0,0,0,0,0,-1,1,-1,0,-2,1,0,0,0,-1,1,-1,1,0,0,0,0,0,0,0,0,0,0,0,0,0,0,0,0,0,0,0,0,0,0,0,0
"130",352,0,0,0,0,0,0,0,0,0,0,0,0,0,0,1,0,-1,0,-5,-1,-4,-5,-5,1,-5,-6,0,0,0,0,0,0,0,0,0,0,-1,1,1,-1,0,0,0,-15,0,0,0,0,0,0,-1,1,0,0,0,0,0,0,0,0,-1,0,-1,1,0,1,-1,0,0,-1,1,0,0,0,0,0,0,0,0,0,0,0,0,0,0,0,0,0,0,0,0
"131",353,0,0,0,0,0,0,0,0,0,0,0,0,0,0,0,0,0,0,0,0,0,0,0,0,0,0,0,0,0,0,1,0,-2,0,0,0,0,0,0,0,0,0,0,0,0,0,0,0,0,0,0,0,0,0,0,0,0,0,0,0,0,0,0,0,0,0,0,0,0,0,0,0,0,0,0,0,0,0,0,0,0,0,0,0,0,0,0,0,0,0,0
"132",354,0,0,0,0,0,0,0,0,0,0,0,0,0,0,0,0,0,0,0,1,-1,0,0,0,0,0,0,0,0,0,0,4,0,0,0,1,-1,0,0,0,0,0,0,0,0,0,0,0,0,0,0,0,0,0,0,0,0,0,0,0,0,0,0,0,1,-1,0,0,0,0,0,0,0,0,0,0,0,0,0,0,0,0,0,0,0,0,0,0,0,0,0
"133",355,0,0,0,0,0,0,0,0,0,-1,1,0,0,0,0,-1,0,0,0,1,0,0,0,-1,1,0,0,0,0,0,0,-1,-1,1,0,0,0,1,0,-1,1,0,1,-1,0,0,0,1,-1,0,0,0,0,0,0,0,0,0,0,0,0,-1,1,1,-1,0,0,0,0,0,0,0,0,0,0,0,0,0,0,0,0,0,0,0,0,0,0,0,0,0,0
"134",356,-5,-3,0,0,0,0,0,0,0,0,0,0,3,0,0,0,0,-1,1,2,4,2,1,5,4,0,0,0,4,6,5,3,0,-2,2,4,-1,1,0,0,0,0,0,0,0,0,0,0,1,0,0,1,-2,2,0,0,0,0,1,0,0,0,0,1,-1,-1,0,-1,-8,-6,2,-2,-1,-6,-3,0,0,0,0,-4,0,1,-1,-4,-4,-1,1,0,0,0,0
"135",358,0,0,0,0,0,-15,0,0,0,0,0,0,0,0,0,0,0,0,0,0,0,0,0,-1,0,0,-1,1,0,0,0,0,0,0,0,0,-1,1,0,0,0,0,0,0,0,0,0,1,-2,1,0,0,1,-1,0,0,0,0,-1,2,-1,0,0,-1,0,0,-2,2,0,0,1,-1,0,0,0,0,0,2,-2,-1,1,0,0,0,0,0,0,0,0,0,0
"136",359,0,0,0,0,0,0,0,0,0,0,0,-1,0,1,-2,-4,0,-6,-5,-4,-7,-2,-1,-5,0,-4,-5,0,1,-1,0,0,0,0,0,0,0,0,0,-1,1,-1,0,0,1,-1,-1,1,0,0,0,0,-1,1,0,0,0,-1,0,1,0,-1,1,0,0,0,0,-1,1,0,0,0,0,0,0,0,0,0,0,0,0,0,0,0,0,0,0,0,0,0,0
"137",360,0,0,0,0,0,0,0,0,0,0,0,0,0,0,0,0,0,0,0,0,0,2,-2,0,0,0,0,0,0,0,0,0,0,0,0,0,0,0,0,0,0,-1,1,0,0,0,0,0,-1,1,0,0,0,0,0,0,0,0,0,0,0,0,1,-1,0,0,0,0,0,0,0,0,0,0,0,0,0,0,0,0,0,0,0,0,0,0,0,0,0,0,0
"138",361,0,0,0,0,0,0,0,0,0,0,0,0,0,0,0,0,-1,0,0,0,0,-1,1,0,0,0,0,1,-1,0,0,0,0,0,0,0,0,0,0,0,0,0,0,0,0,0,0,1,-1,0,0,1,-1,0,0,0,0,0,0,0,0,-1,1,0,-1,0,0,0,0,0,1,-1,0,0,0,0,0,0,0,0,0,0,-1,1,0,0,0,0,0,0,0
"139",362,0,0,0,0,0,0,0,0,0,0,0,0,0,0,0,0,0,0,0,0,0,0,0,0,0,0,0,0,1,-1,-1,1,0,0,0,0,0,-2,2,-1,0,0,0,0,0,0,0,0,-1,1,0,0,0,-1,2,0,0,1,-1,0,1,0,-1,0,0,0,0,0,0,0,0,0,15,30,0,0,0,0,0,0,0,0,0,0,0,0,0,0,0,0,0
"140",363,0,0,0,3,0,0,0,0,0,0,0,0,0,0,0,-1,1,0,21,-1,1,1,-1,-1,0,0,0,0,0,0,0,0,0,0,0,0,0,0,0,0,0,0,0,0,0,0,0,0,-1,1,0,0,0,0,0,0,0,0,0,1,0,-1,0,0,0,1,-3,2,0,0,0,0,0,0,0,0,0,0,0,0,0,0,0,0,0,0,0,0,0,0,0
"141",364,0,0,0,0,0,0,0,0,0,0,0,0,0,0,0,0,0,0,0,0,0,0,0,-1,1,0,0,0,1,-1,0,0,0,0,0,0,0,0,4,2,0,0,0,1,-2,0,0,0,0,0,0,-1,1,0,0,0,-1,2,-1,0,0,0,0,0,0,0,0,0,0,0,0,0,0,0,0,0,0,0,0,0,0,0,0,0,0,0,0,0,0,0,0
"142",365,0,0,0,0,0,0,0,0,0,0,0,0,0,0,0,0,0,0,0,0,0,0,0,0,0,0,0,0,0,0,0,0,0,0,0,0,1,0,0,0,0,0,0,0,6,0,0,0,0,0,0,0,0,0,0,0,0,0,0,0,0,0,0,0,0,0,0,0,0,0,0,0,0,0,0,0,0,0,0,0,0,0,0,0,0,0,0,0,0,0,0
"143",366,0,0,0,0,0,0,0,0,0,0,0,0,0,0,0,-1,1,0,0,0,0,0,0,0,0,0,0,0,0,0,0,0,0,0,0,0,0,0,-1,0,0,0,0,0,0,0,0,0,0,0,0,0,0,-3,3,0,0,0,0,0,0,0,-1,1,0,0,0,0,0,0,0,0,0,0,0,1,-1,0,0,0,0,0,0,0,0,0,0,0,0,0,0
"144",367,0,0,0,0,0,0,0,0,0,0,0,0,0,0,0,0,0,0,0,0,0,0,0,-1,1,0,1,-2,1,0,0,0,0,0,-2,2,0,0,0,0,0,-18,-11,0,-1,0,0,0,0,0,-2,2,0,0,1,1,-1,0,0,0,0,0,0,0,0,0,0,0,0,0,0,0,0,0,0,0,0,0,0,0,0,0,0,0,0,0,0,0,0,0,0
"145",368,0,0,0,0,0,0,0,0,0,0,0,0,0,-1,0,0,0,0,5,5,9,7,4,4,1,-1,0,0,2,-2,1,-1,0,0,0,0,0,1,1,-1,0,-1,1,-1,1,0,0,0,0,0,0,1,-1,0,1,-1,0,0,0,-4,-3,-9,0,-9,-6,2,0,-1,0,0,0,-1,1,0,1,-1,0,-1,0,0,0,0,0,0,0,0,0,0,0,1,-1
"146",369,0,0,0,0,0,0,0,0,0,0,0,0,0,0,0,0,0,0,0,-1,1,-1,0,0,0,0,0,0,0,0,0,0,0,0,0,0,0,0,0,0,0,1,-1,0,0,0,0,0,0,0,0,0,0,0,2,-1,2,-1,0,0,0,0,0,1,-1,1,-1,0,0,0,0,0,-1,1,0,0,0,0,0,0,0,0,0,0,0,0,0,0,1,-1,0
"147",372,0,0,0,0,0,0,0,0,0,0,0,0,0,0,0,0,0,0,0,0,0,0,0,0,0,0,0,1,-1,0,0,0,0,0,0,0,0,0,0,1,-1,0,0,-11,0,0,0,0,0,0,0,1,-1,0,1,0,-1,0,0,0,0,0,0,0,0,0,0,0,0,0,0,0,0,0,0,0,0,0,0,0,0,0,0,0,0,0,0,0,0,0,0
"148",373,0,0,0,0,0,0,0,0,0,0,0,0,0,0,0,0,0,0,0,-11,0,0,0,0,0,0,0,0,0,0,0,0,0,0,0,0,0,0,0,0,0,0,0,0,0,0,0,0,0,0,0,0,0,0,0,0,0,0,0,11,0,0,0,-1,1,0,0,0,0,0,0,0,0,0,0,0,0,0,0,0,0,0,0,0,0,0,0,0,0,0,0
"149",375,1,0,0,0,0,0,0,1,0,0,1,-1,0,0,0,-1,0,0,0,0,1,-5,-2,0,-4,1,0,0,0,0,0,0,0,0,0,0,0,0,-1,0,0,0,0,0,0,0,0,0,0,0,0,0,-1,1,0,0,0,0,0,1,1,-1,0,0,0,0,-2,2,0,1,-1,1,-1,0,0,0,0,1,-1,0,-1,1,0,0,0,0,0,0,-1,0,0
"150",376,0,0,0,0,0,0,0,0,0,0,0,0,0,0,0,0,0,0,0,0,0,0,-1,-1,0,0,0,0,0,-1,1,0,0,0,0,0,0,0,0,0,0,0,0,0,1,-1,0,0,0,0,0,-1,1,0,0,-1,0,0,0,0,0,-1,0,0,0,0,0,0,0,0,1,-1,0,0,0,0,0,0,0,0,0,0,0,0,0,0,0,0,0,0,0
"151",377,0,0,0,0,0,0,0,0,0,0,0,0,0,0,-1,0,0,0,0,0,0,0,0,-2,3,-1,0,1,0,0,0,0,0,0,0,0,0,0,0,0,0,0,0,0,0,0,0,-1,0,1,0,0,0,0,0,0,0,0,0,0,0,-1,0,1,0,0,-1,1,0,0,0,0,-1,1,0,0,0,0,0,0,0,0,0,0,0,0,0,0,0,0,0
"152",379,0,0,0,0,0,0,0,1,0,1,0,0,1,0,0,0,0,0,0,-1,1,0,0,0,0,0,0,-1,1,0,0,0,0,0,0,0,0,0,0,0,0,0,0,0,0,0,0,-1,2,-1,0,0,0,0,0,0,0,0,0,0,0,-1,2,0,-2,3,-3,1,1,0,0,1,0,-1,0,0,0,0,0,0,0,0,0,0,0,-1,1,0,0,1,0
"153",380,0,0,-1,1,0,0,0,0,0,0,0,0,0,0,0,0,0,0,0,0,-1,0,0,0,0,0,-1,0,0,0,0,0,0,0,0,1,-1,0,0,0,0,0,0,0,0,0,0,0,0,0,0,1,-1,0,0,0,0,0,0,0,0,1,-1,0,-2,1,0,1,-1,0,1,-3,1,1,0,0,0,-1,1,0,0,0,0,-1,1,0,0,0,0,0,0
"154",382,-1,1,0,0,0,0,0,0,0,1,0,0,0,0,0,0,0,0,0,0,0,0,0,-1,1,0,0,0,0,0,0,0,0,0,0,0,1,-2,0,-1,1,1,0,-12,-11,0,0,0,-1,0,0,0,0,-1,0,0,0,3,-3,0,1,-1,0,0,-2,2,0,0,-1,-1,0,0,1,0,0,0,0,0,0,0,0,0,0,-1,1,0,0,0,2,-2,0
"155",383,0,0,0,0,0,-15,0,0,0,0,0,0,0,0,0,0,0,0,0,0,-1,0,-1,0,0,0,0,0,0,0,0,0,0,0,1,0,0,0,0,0,0,0,0,0,0,0,0,0,-1,1,-1,1,0,1,-1,0,0,0,0,0,0,0,0,1,-1,0,0,0,0,0,0,0,0,0,0,0,0,1,-1,0,0,0,1,-1,0,0,0,0,0,0,0
"156",384,0,0,0,0,0,0,0,0,0,0,0,0,0,0,0,0,0,0,0,0,0,0,0,0,0,2,-2,0,0,0,0,0,0,0,0,1,-1,0,0,0,0,0,0,0,0,0,0,0,0,0,0,0,0,0,0,0,0,0,0,0,0,2,-1,0,1,-1,0,0,0,0,1,-1,0,0,0,0,0,0,0,0,0,0,0,0,0,0,0,0,0,0,0
"157",385,0,0,0,0,0,0,0,0,0,0,0,0,0,0,0,0,0,0,0,-1,1,0,0,0,0,0,0,0,0,0,-1,0,0,0,0,0,0,0,0,0,0,0,0,0,0,0,-1,0,0,0,1,0,2,-2,0,0,0,0,0,0,1,-2,1,0,-1,1,0,0,0,0,0,0,0,0,0,0,0,0,0,0,0,0,0,0,0,0,0,0,0,0,0
"158",386,0,0,0,0,0,0,0,0,0,0,0,0,0,0,0,0,0,0,0,0,0,-1,1,0,0,0,0,0,0,0,0,0,0,0,0,0,-1,1,0,0,0,1,-1,-1,1,0,0,0,0,-1,0,0,0,0,0,0,0,0,0,0,0,2,-2,-1,1,0,0,0,0,0,0,0,0,0,0,0,0,0,0,0,0,0,0,0,0,0,0,0,0,0,0
"159",387,0,0,0,1,0,0,0,0,0,0,-1,1,0,0,0,0,0,0,0,0,0,0,0,0,0,0,0,0,3,-3,0,0,0,0,0,1,-2,2,-2,0,-1,2,-2,0,0,0,0,0,0,0,-1,-1,0,0,1,0,0,0,0,0,0,1,0,-1,1,0,0,0,0,-1,1,-1,0,0,0,0,0,0,0,0,0,0,0,0,0,0,0,0,0,0,0
"160",388,0,0,0,0,0,0,0,0,0,0,0,0,0,0,0,0,0,0,0,0,0,0,-1,3,-2,0,0,0,0,0,0,0,0,0,0,0,0,0,0,0,0,0,0,0,0,0,0,0,0,0,0,0,-1,1,0,0,0,0,0,0,0,-1,1,0,0,2,-2,0,0,0,0,-1,0,1,0,0,0,0,0,0,0,0,0,0,0,0,0,0,0,0,0
"161",389,0,0,0,0,0,0,0,0,0,0,0,0,0,0,0,0,0,0,0,0,0,0,0,0,0,0,0,0,0,0,0,0,0,0,-2,0,0,0,0,0,0,0,0,0,0,0,0,0,-1,1,0,0,0,0,0,0,0,0,0,-1,1,0,0,0,0,1,-1,0,0,0,0,0,0,0,0,0,0,0,0,0,0,0,0,0,0,0,0,0,0,0,0
"162",390,0,0,0,0,0,0,0,0,0,0,0,0,0,0,0,0,0,0,0,0,0,0,0,0,0,0,0,0,0,0,0,0,0,0,0,0,0,0,0,0,0,0,0,0,0,0,0,0,0,0,0,0,0,0,0,0,0,0,0,0,-1,1,0,0,0,0,0,0,0,0,0,0,0,0,0,0,0,0,0,0,0,0,0,0,0,0,0,0,0,0,0
"163",391,1,-1,0,0,0,0,1,0,0,0,0,0,0,0,0,0,0,0,-1,0,0,0,0,0,0,0,0,0,0,0,0,0,0,0,0,0,0,0,0,0,0,0,0,0,0,0,0,1,-1,0,0,0,0,0,0,0,0,0,0,0,0,0,0,0,0,0,0,0,0,0,0,0,0,0,0,0,0,0,0,0,0,0,0,0,0,0,0,0,0,0,0
"164",392,0,0,0,0,0,0,0,3,0,0,0,0,0,0,0,0,0,0,0,0,0,0,-1,0,0,0,0,0,0,0,0,0,0,0,0,0,0,0,0,0,0,0,0,0,-1,1,0,0,0,0,0,-1,1,0,0,0,0,0,0,0,0,0,0,1,-1,0,0,0,-1,1,0,0,0,0,0,0,0,0,0,0,0,0,0,0,0,0,0,0,0,0,0
"165",393,0,0,0,0,0,0,0,0,0,0,0,0,0,0,0,0,0,0,0,0,-1,1,0,0,0,0,0,0,0,1,0,0,0,0,0,0,0,0,0,0,0,0,0,0,0,0,0,0,1,-1,0,0,0,0,0,0,0,0,0,0,0,0,1,-1,0,0,0,0,0,1,-1,0,0,0,0,0,0,0,0,0,0,0,0,0,0,0,0,0,0,0,0
"166",394,0,0,0,0,0,0,0,0,0,0,0,0,0,0,0,0,0,0,0,-1,0,0,0,0,0,0,1,0,1,-1,0,0,0,0,0,0,0,0,0,0,0,0,0,0,0,0,0,0,0,0,1,0,1,-1,0,0,0,0,0,-1,1,-1,1,0,0,0,0,0,0,0,0,2,-2,0,0,0,0,0,0,0,-1,1,0,0,0,0,0,0,0,0,0
"167",395,0,0,0,0,0,0,0,1,0,0,0,0,0,0,0,0,0,0,0,0,0,0,0,0,0,0,-1,0,0,0,0,0,0,0,0,0,0,0,0,0,0,0,0,2,0,0,0,0,0,0,0,0,0,0,0,0,0,0,0,0,0,0,0,0,2,-1,1,0,0,0,0,0,0,0,0,0,0,0,0,0,0,0,0,0,0,0,0,0,0,0,0
"168",396,0,0,0,0,0,0,0,0,0,0,0,0,0,0,0,1,-1,0,-1,0,0,-1,1,0,0,0,0,0,0,0,0,0,0,0,0,0,0,0,0,0,0,0,0,0,0,0,0,0,0,0,0,0,0,1,-1,0,0,0,0,0,0,0,0,0,0,0,0,0,0,0,0,-1,1,0,0,0,0,0,0,0,0,0,0,0,0,0,0,0,0,0,0
"169",397,0,0,0,0,0,0,0,0,0,0,0,0,0,0,0,0,0,0,0,0,0,0,0,0,0,0,3,-2,0,0,0,0,0,0,0,0,0,0,0,0,0,0,0,0,0,0,0,0,0,0,0,0,1,-1,0,0,0,0,0,0,0,0,0,0,0,0,0,0,0,0,0,0,0,0,0,0,0,0,0,0,0,0,0,0,0,0,0,0,0,0,0
"170",398,0,0,0,0,0,0,0,0,0,0,0,0,0,0,0,0,0,0,-1,1,0,0,0,0,0,0,0,0,0,0,0,0,0,0,0,0,-2,0,0,0,0,0,0,0,0,0,0,0,0,0,0,0,0,0,0,0,0,1,-1,0,0,0,0,0,1,-1,0,0,0,0,0,0,0,0,0,0,0,0,0,0,0,0,0,0,0,0,0,0,0,0,0
"171",399,0,0,0,0,0,0,0,0,0,0,0,0,0,0,0,0,0,0,0,0,0,0,0,0,0,0,0,0,0,0,0,-1,1,0,0,0,0,0,0,0,0,0,0,0,0,0,0,0,0,0,0,0,0,0,0,0,0,0,0,0,0,0,0,0,0,0,0,0,0,0,0,0,0,0,0,0,0,0,0,0,0,0,0,0,0,-1,1,0,0,0,0
"172",400,0,0,0,0,0,0,0,0,0,0,0,0,0,0,0,0,0,0,0,NA,NA,0,0,0,0,0,0,0,0,0,0,0,0,0,0,0,0,0,0,0,0,0,0,0,1,10,-1,2,-1,0,0,0,0,0,0,0,0,-1,0,0,0,0,0,0,0,1,-1,0,0,1,-1,0,0,0,0,0,0,0,0,0,0,0,0,0,0,0,0,0,0,0,0
"173",401,0,0,0,0,0,0,0,0,0,0,0,0,0,0,0,0,0,1,0,0,0,0,0,0,0,0,1,-1,0,0,0,0,0,0,0,0,0,0,0,0,0,0,0,0,0,0,0,0,0,0,0,0,2,-3,1,0,0,1,-1,1,0,-2,2,0,-1,0,0,-1,1,-2,3,-3,1,0,0,-1,1,0,0,0,0,0,0,0,0,0,0,0,0,0,0
"174",402,0,0,0,0,0,0,0,0,0,0,1,0,-1,0,0,0,0,0,-1,0,0,-1,1,1,-1,0,0,0,0,0,0,0,0,0,0,0,0,1,-1,0,0,0,1,-1,0,0,0,0,0,0,0,0,0,0,-1,1,0,0,-1,0,1,-2,1,1,-2,3,-2,-1,2,-1,0,0,0,0,0,0,0,-1,1,0,0,0,0,0,0,-1,0,0,0,0,0
"175",403,0,0,0,0,0,0,0,0,0,0,0,0,0,0,0,-1,1,0,0,0,0,-1,1,-2,2,0,0,0,0,0,-1,1,0,23,0,0,0,0,0,0,0,0,0,0,0,0,0,0,0,0,-1,3,-2,0,0,0,0,0,0,0,-1,1,0,2,-2,0,0,0,0,0,0,0,0,0,0,-1,1,0,0,0,1,0,0,0,0,0,0,0,0,0,0
"176",405,0,0,0,2,0,0,0,0,0,0,0,0,0,0,0,0,-1,0,0,0,0,0,0,-1,0,0,0,0,0,0,-1,1,0,0,0,0,1,-1,0,0,0,0,1,-1,0,0,0,0,0,0,0,0,0,0,-2,2,0,0,0,0,0,0,-1,0,-1,1,0,-1,1,0,1,-1,0,0,-1,0,0,0,0,0,1,-1,0,0,0,0,0,0,0,0,0
"177",406,0,0,0,0,0,0,0,1,0,0,0,0,0,0,0,0,0,0,0,-1,1,0,0,0,0,0,0,0,0,0,0,0,0,0,0,0,0,0,6,0,0,0,0,0,0,0,0,0,0,0,0,0,0,0,0,0,0,0,0,0,1,0,0,0,0,1,-1,0,0,0,0,0,0,0,0,0,0,1,-1,0,0,0,0,0,0,0,0,0,0,0,0
"178",408,0,0,0,0,0,0,0,0,0,0,0,0,0,0,0,0,0,0,0,0,0,0,0,0,0,0,0,0,0,0,0,0,0,0,0,0,0,0,0,0,0,0,0,0,0,0,0,-1,1,0,-1,1,0,0,0,0,0,0,0,0,0,0,0,0,0,1,-1,0,0,1,-1,0,0,0,0,1,-1,0,0,0,0,0,0,0,0,0,0,0,0,0,0
"179",409,0,0,0,0,0,0,0,0,0,0,0,0,0,0,0,0,0,0,0,0,0,0,0,0,0,0,0,0,0,0,0,0,0,0,0,0,0,0,0,1,-2,0,0,0,0,0,0,0,0,0,0,0,0,0,0,0,0,0,0,0,0,0,0,0,1,-1,1,-1,0,0,0,0,0,0,0,0,0,0,0,0,0,0,1,-1,0,-1,1,0,0,0,0
"180",410,0,0,0,0,0,0,0,0,0,0,0,0,0,0,0,0,0,0,0,0,0,0,0,1,-1,0,0,0,1,0,2,-2,0,0,0,-1,1,0,0,0,0,0,0,0,0,0,0,0,0,0,1,-3,2,0,0,0,0,0,1,1,-1,0,0,0,0,0,0,0,1,-1,0,5,-1,1,0,0,0,0,1,-1,0,0,0,0,0,0,0,0,0,0,0
"181",411,0,0,0,0,0,0,0,-7,0,0,0,0,0,0,0,0,0,0,0,0,-1,1,0,0,0,0,0,0,0,0,0,0,0,0,0,0,0,0,0,-1,1,0,0,0,0,0,0,0,0,0,0,0,0,0,0,0,0,0,0,0,0,0,0,-1,1,0,0,0,-1,1,0,0,1,-1,0,0,0,0,0,0,0,0,0,0,0,0,0,0,0,0,0
"182",412,0,0,0,0,0,0,0,0,0,0,0,0,0,0,0,1,-1,0,0,0,-1,1,0,-1,2,0,1,0,0,0,0,0,0,0,0,-1,0,0,1,0,0,0,0,-1,0,0,0,0,0,0,0,0,0,-1,1,0,0,-1,2,0,1,-2,1,0,0,0,0,-1,0,0,0,1,-1,0,0,0,0,1,-1,0,0,0,0,1,0,0,0,0,0,0,0
"183",414,0,0,0,0,0,0,0,0,0,0,0,0,0,0,0,0,0,0,0,0,0,0,0,0,0,0,0,0,0,-1,1,-1,0,0,0,0,0,0,0,0,0,0,0,0,0,0,0,0,0,0,0,0,0,0,0,0,0,0,0,-1,1,0,0,0,0,0,0,0,0,0,0,0,0,0,0,0,0,0,0,0,0,0,0,0,0,0,0,0,0,0,0
"184",415,0,0,0,0,0,0,0,0,0,0,0,0,0,0,0,0,0,0,0,10,13,-7,-2,2,-8,-6,-3,0,-3,0,-2,-4,0,-3,0,0,1,-2,0,-1,0,0,-1,0,0,0,0,0,0,0,0,0,0,0,5,0,0,0,3,3,5,5,6,6,3,4,3,6,-28,-4,0,0,0,0,0,0,0,0,0,0,0,1,-1,0,0,0,0,0,0,0,0
"185",416,0,0,0,0,0,0,0,0,0,0,0,0,0,0,-1,1,0,0,0,0,0,0,0,-1,0,0,0,0,0,0,3,0,0,0,0,0,0,0,0,0,0,0,0,-1,1,0,0,0,0,0,0,0,0,0,0,0,0,0,0,0,0,0,0,0,0,0,0,0,0,0,1,-1,-1,1,0,0,0,0,0,0,0,0,0,0,0,0,0,0,0,0,0
"186",417,0,0,0,0,1,0,0,0,0,0,0,0,0,-1,0,0,0,0,0,0,-1,1,-1,0,0,0,0,1,-2,0,0,0,0,0,0,0,0,0,0,0,0,0,0,1,-1,0,0,0,-1,1,0,0,0,-1,1,0,0,0,0,0,0,1,-1,0,0,-1,1,0,1,-1,0,0,0,0,0,-1,1,0,0,0,1,-1,0,0,0,0,0,0,0,0,0
"187",418,0,0,0,0,0,0,0,0,0,0,0,0,0,0,0,0,0,0,0,0,0,0,0,0,0,0,0,0,0,0,0,0,0,-3,0,0,-1,0,0,0,0,0,0,0,0,0,0,0,0,0,0,0,0,0,0,0,0,0,0,0,0,0,0,-1,1,0,0,0,0,1,0,0,0,0,0,0,0,0,0,0,0,0,0,0,0,0,0,0,0,0,0
"188",419,0,0,0,0,0,0,0,0,0,0,0,0,0,0,0,0,0,0,0,0,-1,0,0,0,0,0,0,0,0,0,0,0,0,0,0,0,0,0,0,0,0,0,0,0,0,0,0,0,0,0,0,0,0,0,0,0,0,0,0,0,0,0,0,0,0,0,0,0,0,0,0,0,0,0,0,0,0,0,0,0,0,0,0,0,0,0,0,0,0,0,0
"189",420,0,0,0,0,0,0,0,0,0,0,0,0,0,0,0,0,0,0,0,0,0,0,0,0,0,0,0,0,0,0,0,0,0,0,0,5,0,0,0,0,0,0,0,0,0,0,0,0,0,0,0,0,0,0,0,0,0,0,0,0,0,0,0,0,0,0,0,0,0,0,0,0,0,0,0,0,0,0,0,0,0,0,0,0,0,0,0,0,0,0,0
"190",421,0,0,0,0,0,0,0,0,0,0,0,0,0,0,0,0,0,0,0,0,0,0,0,-1,0,0,0,0,0,0,0,0,0,0,0,0,0,0,0,0,0,0,0,0,0,0,0,0,0,0,0,0,0,0,0,0,0,0,0,0,0,0,0,0,0,0,11,0,0,0,0,0,0,0,0,0,0,0,0,0,-5,-6,0,0,0,0,0,0,0,0,0
"191",422,0,0,0,0,0,0,0,0,0,1,0,-1,-1,1,1,0,0,0,0,0,0,0,0,0,0,0,0,0,0,0,0,0,0,0,0,0,0,0,0,0,0,0,0,0,0,0,0,0,0,0,0,0,1,0,0,0,0,0,0,0,0,0,0,0,0,0,0,0,0,0,0,0,0,0,0,0,0,0,0,0,0,0,0,0,0,0,0,0,0,0,0
"192",423,0,0,0,0,0,0,0,0,0,1,-1,0,0,0,0,0,0,0,0,0,0,1,-1,0,0,0,0,0,0,0,0,0,0,0,0,0,0,0,0,0,0,-1,1,0,0,0,0,0,0,0,0,0,0,0,0,-1,0,0,0,0,0,0,-1,1,0,0,0,0,1,-1,0,0,0,0,0,0,0,0,0,0,0,0,0,0,0,0,0,0,0,0,0
"193",426,0,0,1,-1,0,2,0,-2,-1,0,-1,1,0,0,-5,0,0,0,0,0,0,0,-1,0,0,0,0,0,-1,1,0,0,0,0,0,-2,2,-1,0,-1,1,0,0,0,0,0,0,-1,1,-1,0,0,1,5,4,-1,0,0,0,2,-2,-1,-2,2,0,-1,-1,-1,3,0,0,0,0,0,0,0,0,0,0,0,0,0,0,0,0,0,0,0,0,0,0
"194",427,0,0,0,0,0,0,0,0,0,0,0,0,0,0,0,0,0,0,0,0,0,1,-2,-1,1,0,0,0,0,0,0,-1,1,0,0,0,0,0,0,0,0,0,0,0,0,0,0,0,-1,1,0,-1,1,0,0,0,0,0,0,1,-1,1,0,0,0,0,0,0,0,0,0,0,0,0,0,0,0,0,0,0,0,0,0,0,0,0,0,0,0,0,0
"195",428,0,0,0,0,0,0,0,0,0,0,0,0,0,-1,1,0,0,0,0,-2,1,0,0,0,0,0,0,0,0,0,0,1,-1,0,0,-1,0,1,-1,-1,1,0,0,0,0,0,0,0,0,0,0,0,0,0,2,0,0,0,0,0,-1,1,-1,0,0,0,1,-1,0,0,-1,1,0,0,0,0,0,0,0,0,0,0,0,-1,1,0,0,0,0,0,0
"196",430,0,0,0,0,0,1,0,0,0,0,0,0,0,0,0,0,0,0,0,0,0,0,-1,1,0,0,0,0,0,0,0,0,0,0,-1,0,0,-1,2,0,0,1,-1,0,0,0,0,0,0,0,0,0,0,1,-1,0,0,0,0,0,0,0,0,0,0,0,0,1,0,-1,0,0,0,-1,1,-1,1,0,0,1,-1,0,0,0,0,0,0,0,0,0,0
"197",432,0,0,0,0,-1,1,0,0,0,0,0,0,0,0,10,3,2,7,8,13,4,15,12,15,16,10,15,15,10,0,0,0,0,0,0,0,0,0,0,0,0,1,-1,1,-1,0,0,0,0,0,0,0,17,-2,0,0,0,0,0,0,1,-1,0,0,-2,2,-7,-11,-12,-11,0,-14,-12,-6,0,-10,-10,-11,-4,-4,-10,-5,-5,-5,0,0,0,0,0,0,0
"198",433,0,0,0,-1,2,0,0,0,0,0,0,0,0,0,0,-2,2,0,0,0,0,0,0,0,0,0,0,0,0,0,0,0,0,0,0,0,0,0,0,1,-1,0,0,0,-1,1,0,0,0,0,0,0,0,0,0,0,0,1,-1,0,0,-1,0,0,1,-1,0,1,-1,0,1,0,0,0,0,-1,0,1,0,0,0,0,0,1,-1,0,0,0,0,0,0
"199",434,0,0,0,0,0,0,0,0,0,0,0,0,0,0,0,0,0,0,0,0,0,-1,-1,1,0,-1,-1,1,0,1,1,1,-1,0,0,0,0,-1,0,1,0,1,-1,0,0,0,0,0,0,0,0,0,0,0,0,0,0,0,0,0,0,0,0,1,-1,0,0,0,0,0,1,-1,0,0,0,0,0,0,0,0,0,0,0,0,0,0,0,0,0,0,0
"200",435,0,0,0,0,0,0,0,0,0,0,0,1,-1,0,0,0,0,0,0,0,1,0,-1,-1,2,-2,1,-1,1,0,0,0,0,0,0,-1,0,0,0,0,0,0,0,0,0,0,0,0,2,-2,0,0,-1,0,1,0,0,0,1,-1,0,0,0,1,0,-2,4,-4,3,-1,1,-1,0,0,-1,2,-1,0,0,0,0,0,0,0,1,-1,0,0,0,0,0
"201",436,0,0,0,0,0,0,0,0,0,0,0,0,0,0,0,0,0,0,0,0,0,-1,1,0,0,0,0,0,0,0,0,0,0,0,0,0,0,0,0,0,0,0,0,0,0,0,0,-1,1,0,0,0,0,0,0,0,0,0,0,0,0,0,0,0,0,0,0,0,0,0,0,0,0,0,0,0,0,0,0,0,0,0,0,0,0,0,0,0,0,0,0
"202",437,0,0,0,1,0,0,0,0,0,0,0,0,0,0,0,0,0,0,0,0,1,-1,0,-1,0,0,0,0,0,0,0,0,0,0,0,0,0,0,0,0,0,0,0,0,0,0,0,0,0,1,0,0,0,0,-2,0,0,0,0,0,0,0,0,0,0,0,0,0,0,0,0,0,0,0,0,0,0,0,0,0,0,0,1,-1,0,0,0,0,0,0,0
"203",438,0,0,0,0,0,0,0,0,0,0,0,0,0,0,0,0,0,0,0,0,0,0,0,1,-1,0,0,0,0,0,0,0,0,0,1,0,0,0,0,-1,1,0,0,0,0,0,0,0,1,-1,0,0,0,0,0,0,0,0,0,0,0,0,0,0,0,0,0,0,0,0,0,0,-1,0,0,1,-1,1,-1,0,0,0,0,0,0,0,0,0,0,0,0
"204",439,0,0,0,0,0,0,0,0,0,1,0,0,0,0,0,-2,2,0,0,0,0,0,1,0,-1,0,1,-1,1,0,0,0,0,0,-1,0,0,1,0,0,0,0,0,0,0,0,0,0,0,0,0,0,0,0,0,0,0,0,0,0,0,0,-1,1,0,0,0,0,0,0,0,0,0,0,0,0,0,0,0,0,-1,0,1,0,0,0,0,0,0,0,0
"205",440,0,0,0,0,0,0,0,0,0,0,0,0,0,0,0,0,0,0,0,0,1,-1,0,0,0,0,0,0,0,0,0,0,0,0,0,0,0,0,-1,1,0,0,0,0,0,0,0,0,0,0,0,1,-1,0,0,0,0,-1,1,0,0,-1,0,0,2,-1,0,0,0,0,0,0,0,0,0,0,0,0,0,0,0,0,0,0,0,0,0,0,0,0,0
"206",441,0,0,0,1,0,0,0,0,0,0,0,0,0,0,-1,2,-1,0,0,0,0,0,1,-1,0,0,0,0,0,0,0,0,0,0,-1,0,0,0,0,0,0,0,0,1,0,0,-1,0,0,0,0,1,-1,0,0,0,0,0,0,0,1,0,0,0,-1,1,0,-1,1,1,0,0,0,0,0,0,0,0,0,0,-1,1,0,0,0,0,0,0,0,0,0
"207",442,0,0,0,0,0,1,0,0,0,0,0,0,0,0,0,0,-1,1,0,-1,-1,3,-2,1,-1,0,2,-2,1,-1,0,0,-1,0,2,-2,-2,2,1,-1,-1,1,1,0,0,0,0,0,-1,1,0,0,-1,1,0,0,1,-1,0,0,-1,0,1,0,0,0,1,-1,0,1,-2,1,0,0,0,0,-1,1,0,0,0,0,0,0,0,0,0,0,0,0,0
"208",443,0,0,0,0,0,0,0,0,0,0,0,0,0,0,0,0,0,0,0,0,0,0,0,0,0,0,0,0,0,0,0,0,0,0,0,0,0,0,0,0,0,0,0,0,0,0,0,0,0,0,0,0,0,0,0,0,0,0,0,0,0,0,0,0,0,0,0,0,0,0,0,0,0,0,0,0,0,0,0,0,0,0,0,0,0,0,0,0,0,0,0
"209",444,-1,1,0,0,0,0,0,0,0,0,0,0,0,0,0,1,-1,0,0,0,0,-1,1,-2,1,0,0,0,0,0,0,0,0,0,0,0,0,0,1,-4,4,-1,4,-2,2,0,0,0,2,-3,-1,2,-1,0,1,0,0,0,0,0,2,-1,0,1,-2,0,2,0,-1,0,1,-1,0,0,0,1,-1,0,0,1,-1,-1,1,0,-1,1,0,0,0,0,0
"210",445,0,0,0,0,0,0,0,0,0,0,-1,0,1,1,-1,0,0,0,-1,1,0,0,0,0,0,0,0,0,0,0,0,0,0,0,0,0,0,0,0,-1,1,0,0,-1,1,0,0,0,-1,1,0,1,0,1,-2,0,0,0,1,0,0,2,-2,0,0,-1,2,-1,0,0,0,0,0,-7,-8,-5,-5,0,-5,1,0,-6,-5,-5,-10,1,-1,0,0,0,0
"211",446,0,0,0,0,0,0,0,0,0,0,0,1,-1,0,0,0,0,0,0,0,0,0,0,0,1,-1,0,0,1,-1,0,-2,1,0,1,0,0,0,0,0,0,1,-1,0,0,0,0,0,0,0,1,-1,0,1,-1,0,0,0,0,0,0,1,-1,1,-2,1,0,0,0,0,0,0,0,0,0,0,0,0,0,0,0,0,-1,0,0,1,0,0,0,0,0
"212",447,2,0,0,0,0,0,0,0,0,0,0,0,0,0,0,-1,1,0,0,0,0,2,-3,1,-1,16,0,1,-1,0,0,0,0,-1,0,0,0,0,0,0,0,0,0,1,1,0,0,-2,3,0,0,-1,1,0,-1,1,0,0,1,-2,1,0,0,1,-1,0,1,-1,0,0,0,0,0,0,0,0,0,0,0,0,-1,1,0,0,0,0,0,0,0,0,0
"213",448,0,0,0,0,0,0,0,0,0,0,0,0,0,0,0,0,0,0,1,-1,0,0,0,0,0,0,0,0,0,0,0,0,0,0,0,0,0,1,0,0,0,0,0,0,0,0,0,0,0,0,0,0,0,0,0,0,0,0,0,0,0,0,0,0,1,-2,0,0,1,-1,1,-2,1,0,1,-1,0,0,0,1,-1,0,0,0,0,0,0,0,0,0,0
"214",449,0,0,0,0,0,0,0,0,0,0,0,0,0,0,0,0,0,-1,0,0,0,0,0,-1,1,0,0,15,-1,1,0,0,0,0,0,0,0,0,0,0,0,0,0,0,0,4,11,0,0,0,0,0,0,0,0,0,-1,1,0,1,-1,1,-1,0,0,0,0,0,0,0,1,-2,1,0,0,0,0,0,0,0,0,0,0,-1,1,0,0,0,0,0,0
"215",450,0,0,0,0,0,0,0,0,0,0,0,0,0,0,0,0,0,0,0,0,0,0,-1,1,-1,1,0,0,1,-1,0,0,0,0,0,0,0,-2,1,0,0,0,0,0,0,0,0,0,0,0,0,0,1,-1,0,0,0,0,0,0,0,0,1,-1,-1,1,0,0,0,0,0,0,-1,0,0,0,0,0,0,0,-1,0,1,0,0,0,0,0,0,0,0
"216",453,0,0,0,0,0,0,0,0,0,0,0,0,0,0,-1,0,0,0,0,0,0,1,-1,0,0,0,0,0,1,-1,0,0,0,0,0,0,0,0,0,0,0,0,-1,1,0,0,0,0,0,0,0,0,0,-2,1,0,0,0,-1,1,0,0,0,0,0,0,0,0,0,-2,2,0,0,0,0,0,0,0,0,0,0,0,0,0,0,1,-1,0,-1,1,0
"217",454,0,0,0,0,0,0,0,0,0,0,0,0,0,0,0,0,0,0,0,0,0,0,0,0,0,0,0,0,0,2,0,0,0,0,0,0,0,0,0,0,0,0,0,0,0,0,0,0,0,0,0,0,0,0,0,0,0,0,0,0,0,0,0,0,0,0,0,0,-1,1,0,0,0,0,-1,1,-1,1,0,0,0,0,0,0,0,0,0,0,0,0,0
"218",455,0,0,0,0,0,0,0,0,0,0,0,0,0,0,0,0,0,0,0,0,0,0,0,-2,-1,-1,0,0,-4,0,0,0,0,0,0,0,0,0,0,0,0,0,0,0,0,-1,1,1,-1,-1,-1,0,1,-1,-1,0,0,1,-1,0,-1,1,0,0,0,0,0,0,0,0,0,0,0,0,0,0,0,0,0,0,0,0,0,2,-3,1,0,0,0,0,0
"219",456,0,0,0,0,0,0,0,0,0,0,0,-1,0,0,0,0,0,0,0,0,0,0,0,0,0,0,0,0,0,0,0,0,0,0,0,0,0,0,0,1,-1,1,-1,0,0,0,0,0,0,0,0,0,0,-1,1,0,0,-2,2,0,2,14,29,-1,2,-1,0,0,0,0,0,0,0,0,0,0,0,0,0,0,0,0,0,0,0,0,0,0,0,0,0
"220",457,0,0,0,0,0,0,0,0,0,0,0,0,0,0,0,0,0,-1,1,0,1,-1,0,0,0,0,1,-1,0,0,0,0,0,0,0,0,1,-1,1,-2,1,0,0,1,-1,-1,1,0,0,0,0,0,1,0,0,0,0,-1,1,-2,2,0,0,0,0,0,-1,1,0,0,0,0,0,0,0,0,0,0,0,0,15,5,0,0,0,0,0,0,0,0,0
"221",458,0,0,0,-11,0,1,0,0,0,0,0,0,0,0,0,0,0,0,0,0,0,1,-1,0,0,0,0,0,0,0,0,0,0,0,0,0,0,-2,1,1,-1,0,0,-1,1,0,1,-1,0,0,0,0,0,0,0,0,0,-2,2,0,0,0,-1,1,-2,2,0,0,0,0,0,0,0,0,0,0,0,0,0,0,0,0,0,0,0,0,0,0,0,0,0
"222",459,0,0,0,1,0,0,0,0,0,0,0,1,-1,0,0,0,0,0,0,-1,0,1,1,-1,0,0,0,0,0,-1,-1,1,0,0,0,-2,0,1,0,0,0,0,0,-1,1,0,1,-1,0,0,0,0,0,2,-2,0,1,-1,0,2,-2,0,-1,0,1,2,0,-1,-1,1,-2,-1,1,0,0,0,0,0,-2,1,0,0,0,0,-1,0,0,0,0,0,0
"223",460,0,0,0,0,0,0,0,0,0,0,0,0,0,0,0,0,0,0,0,-1,0,0,-1,2,-1,0,0,0,0,0,0,0,0,0,0,5,-2,0,0,0,0,0,0,0,0,0,0,0,0,0,0,0,0,0,0,0,0,0,0,0,0,1,1,-1,0,0,0,0,0,0,0,0,0,0,0,0,0,0,0,0,0,0,0,0,0,0,0,0,0,0,0
"224",461,4,-1,1,0,0,0,0,0,0,0,0,0,0,0,0,1,-1,0,0,0,0,0,0,0,0,0,0,0,-1,1,0,0,0,0,0,0,0,0,0,1,-1,0,0,0,0,-1,1,0,-1,1,1,-1,1,-1,0,0,0,-1,1,0,-1,1,0,-1,2,0,-1,-1,0,0,0,0,0,0,-1,1,0,-1,1,0,0,0,0,0,0,0,0,0,0,0,0
"225",462,1,-1,0,0,1,0,0,-1,0,1,0,0,0,-1,0,1,0,0,-2,0,0,0,-1,3,-1,-1,0,0,0,0,-2,1,-1,1,0,0,0,0,0,1,-1,0,0,0,0,0,0,0,1,0,0,0,-1,0,0,0,0,0,0,0,0,0,-1,2,-1,1,-1,0,-1,-1,-1,1,0,0,0,0,0,0,0,0,-1,0,0,0,0,0,0,0,0,0,0
"226",463,0,0,0,1,0,0,0,0,0,0,0,0,0,0,0,0,0,0,1,-1,0,0,-1,1,0,0,0,0,0,0,0,0,0,0,0,1,-1,0,0,0,1,-1,1,0,0,0,0,0,0,0,0,0,0,0,0,0,-1,-1,1,0,1,-1,2,-1,0,0,0,-1,1,0,0,0,0,0,0,0,0,0,1,-1,0,0,0,0,0,0,0,1,0,0,0
"227",465,0,0,0,0,0,0,0,0,0,0,1,-1,-1,0,0,0,0,0,0,-3,3,0,-2,0,-1,1,0,0,0,0,0,0,0,0,0,-1,2,-1,1,-1,0,0,0,0,-1,1,-1,0,1,-1,0,0,0,0,0,0,1,-2,1,2,-1,0,1,1,0,0,0,0,0,0,0,0,0,0,0,0,0,0,0,0,0,0,0,0,0,0,0,0,0,0,0
"228",466,0,0,0,0,0,1,0,0,0,0,0,0,0,0,0,0,0,0,0,1,-1,0,-1,0,-1,1,0,1,-2,1,0,0,0,0,0,-2,1,2,-1,1,-1,0,0,0,0,0,0,0,0,0,0,0,0,0,0,0,0,0,0,0,0,0,1,-2,2,0,-1,0,0,0,0,0,-1,0,0,0,0,-1,1,0,0,0,0,0,0,0,0,0,0,0,0
"229",467,0,0,0,0,0,0,0,0,1,0,0,0,0,0,0,0,0,0,0,-1,0,0,0,2,0,0,0,0,0,0,0,0,0,0,0,0,0,0,0,0,0,0,0,0,0,0,0,0,0,0,0,0,0,0,0,0,0,0,0,0,1,-1,1,-1,0,-1,1,0,0,0,0,0,0,0,0,0,0,0,1,-1,0,0,0,0,0,0,0,0,0,0,0
"230",468,0,0,0,0,0,0,0,1,0,0,0,-1,1,0,0,1,-1,0,0,5,5,0,5,5,1,4,5,0,0,0,0,0,0,0,0,0,0,0,1,0,-1,0,0,0,0,0,0,0,0,0,0,0,1,0,0,0,-1,0,0,-1,2,-2,1,0,-1,0,1,0,0,0,0,0,-1,0,0,0,0,0,0,0,1,-1,0,0,0,0,0,1,-1,0,0
"231",469,0,0,0,0,0,0,0,0,0,0,0,0,0,0,-1,1,0,0,5,1,-1,1,-1,0,0,0,0,0,0,0,0,0,0,0,0,0,0,0,0,0,0,0,0,0,0,0,0,0,0,0,0,0,0,0,0,0,0,1,0,-1,1,-1,1,0,0,1,-1,0,0,0,0,0,0,0,0,0,0,0,0,0,0,0,0,0,0,0,0,0,0,0,0
"232",470,0,0,0,0,1,0,0,-6,0,0,0,0,0,0,0,0,0,0,0,0,0,0,0,0,0,0,0,0,0,0,0,0,0,0,0,0,0,0,0,0,0,0,0,0,0,0,0,1,-1,0,0,0,0,0,0,0,0,1,-1,0,0,-1,1,0,0,0,-1,1,0,0,0,0,0,0,0,0,0,0,0,0,0,0,1,-1,-1,0,1,0,0,0,0
"233",471,0,0,0,0,0,0,0,0,0,0,0,0,1,-1,0,0,0,0,0,0,0,0,0,0,0,0,0,0,0,0,0,0,0,1,4,-1,1,0,0,0,0,0,0,0,0,0,0,0,0,0,0,0,0,0,0,0,0,0,0,0,0,0,0,0,0,0,0,0,0,0,0,0,0,0,0,0,0,0,0,0,0,0,0,0,-1,1,0,0,0,0,0
"234",472,0,0,0,0,0,0,0,0,0,0,-1,1,1,-1,0,1,-2,1,0,0,-2,1,0,0,0,0,2,0,1,-1,0,1,0,0,-1,0,0,1,0,0,0,0,1,-4,0,1,0,0,1,1,2,0,0,0,0,0,0,-1,-3,4,0,0,0,0,0,-1,1,1,-1,1,-1,1,-1,0,0,0,0,-1,0,0,0,0,0,0,0,1,-1,0,0,0,0
"235",473,0,0,0,0,0,0,0,0,0,0,0,0,0,0,0,0,0,0,0,0,0,0,0,0,0,0,0,0,0,0,0,0,0,0,0,1,-1,0,0,0,0,0,0,0,0,0,0,0,-1,1,0,0,0,0,0,0,0,-2,2,0,0,-1,1,0,0,1,-1,0,0,0,0,0,0,0,0,0,0,0,0,0,0,0,0,0,0,0,0,0,0,0,0
"236",474,0,0,0,0,0,0,0,0,0,2,0,-1,0,0,-1,1,0,0,1,0,-1,0,0,1,-1,0,0,0,-1,1,0,0,0,0,-2,-3,-3,8,-4,1,0,0,0,0,0,0,0,0,0,0,0,0,0,0,0,0,1,-2,1,0,-1,1,-1,-1,1,0,0,0,0,0,0,0,0,0,0,0,0,0,0,0,0,0,0,0,1,-1,0,0,0,0,0
"237",475,0,0,0,0,0,0,0,0,0,0,0,0,0,0,0,0,0,0,0,0,0,-1,1,0,1,-1,0,0,0,0,0,0,0,0,0,0,0,0,1,-1,0,0,0,0,0,0,0,2,-3,1,0,-1,0,0,0,-1,1,0,0,0,0,0,0,0,0,0,0,0,0,0,1,-2,1,0,0,-1,1,0,1,-1,-1,0,0,0,0,0,0,0,0,0,0
"238",476,0,-1,0,1,0,0,0,0,0,0,-1,1,0,-1,0,0,0,0,0,0,0,0,0,0,0,0,0,0,0,0,0,0,0,0,0,-1,0,0,0,-1,1,0,0,0,0,0,0,0,1,0,0,0,0,0,0,0,0,-1,1,0,-1,0,0,-1,2,-1,3,-3,0,0,0,-1,0,0,0,0,0,0,0,0,0,0,0,0,0,0,0,0,0,1,0
"239",477,0,0,0,0,0,0,0,37,2,-1,1,1,-1,0,0,0,0,0,0,0,0,0,0,2,-2,0,0,1,0,-1,0,-1,1,0,0,0,0,1,1,0,0,0,0,-1,0,1,1,-1,0,0,0,1,-2,1,0,0,0,-31,-7,-8,0,2,-4,0,0,3,-4,3,1,-2,1,-1,0,0,0,1,-1,1,-1,0,0,0,0,0,1,-1,0,0,0,0,0
"240",478,0,-1,1,0,0,0,0,0,0,0,0,0,0,0,0,0,0,0,-2,1,-1,0,1,0,0,0,0,0,0,0,0,0,0,0,0,0,0,0,0,0,0,0,-1,2,-1,0,-1,1,0,0,0,0,0,0,0,0,0,0,0,0,0,0,0,-1,1,2,0,-2,-1,1,-1,-1,0,-2,0,0,0,0,0,0,0,0,0,0,0,0,0,1,0,-1,0
"241",479,-1,1,-2,1,0,0,0,0,0,0,0,0,0,0,0,0,0,0,0,0,0,-1,1,0,0,0,0,1,-1,0,0,0,0,0,0,0,0,0,0,0,0,1,-1,0,0,0,0,-1,0,1,0,0,0,0,0,0,0,0,0,0,-1,0,2,-1,0,0,0,0,0,1,-1,-1,0,0,0,-1,1,0,0,0,0,0,0,0,0,0,0,0,0,0,0
"242",480,1,-1,0,0,0,0,0,0,0,0,0,0,0,-1,1,0,0,-1,1,0,0,0,0,0,0,0,-1,1,0,0,0,0,0,0,0,1,0,-1,1,-1,0,0,0,0,0,0,0,0,0,0,0,0,0,0,0,0,0,-1,1,0,0,0,0,0,0,2,-1,-2,1,1,-1,0,0,0,0,0,0,0,0,0,0,0,0,0,0,0,0,0,0,0,0
"243",481,0,0,0,0,0,0,0,0,0,0,0,0,0,0,0,0,0,0,0,0,0,0,0,0,0,0,0,0,0,0,0,0,0,0,0,1,0,0,0,0,0,0,0,0,0,0,0,0,0,0,0,0,0,0,0,0,0,0,0,0,0,0,0,0,0,0,0,0,0,-1,1,1,-1,0,0,1,-1,0,0,0,0,0,-1,1,0,0,0,0,0,0,0
"244",482,0,0,0,0,0,0,0,0,0,0,0,0,0,0,0,0,0,0,0,0,-1,1,0,0,0,0,0,0,0,0,0,0,0,0,0,0,0,0,1,-1,0,0,0,-1,1,0,0,0,2,-2,0,0,0,0,0,0,0,0,0,-1,1,0,0,0,2,-2,0,0,0,0,0,0,0,0,0,-1,0,-1,1,0,0,0,0,0,0,0,0,0,0,0,0
"245",483,-1,2,-1,0,1,-1,0,0,0,1,-1,0,0,0,0,0,0,0,-1,0,1,-2,1,0,0,0,0,0,-1,1,0,0,0,0,0,0,0,0,0,0,0,0,0,0,0,0,0,0,0,0,0,1,-1,0,0,0,0,-2,1,2,-2,2,-1,-1,0,2,-1,0,0,0,0,-1,0,0,0,1,-1,0,0,0,0,0,0,0,0,0,0,0,0,0,0
"246",484,0,0,0,0,0,0,0,0,0,0,0,0,-1,0,1,-1,0,0,0,-1,-1,-1,0,0,0,0,0,0,0,0,1,-2,1,0,0,0,-1,1,0,-1,1,-2,1,0,-1,1,0,0,1,-1,0,1,-1,0,0,0,0,0,0,0,0,1,-1,0,0,1,0,0,0,0,0,0,1,0,0,0,0,0,0,0,0,0,0,0,0,0,0,0,0,0,0
"247",485,NA,NA,NA,NA,NA,NA,NA,NA,NA,NA,NA,NA,NA,NA,NA,NA,NA,NA,NA,0,0,0,0,0,0,0,0,0,0,0,0,-1,1,0,0,-1,1,1,0,0,0,0,0,0,0,0,0,-1,1,1,-1,0,1,-1,0,1,-1,0,0,0,1,-1,0,1,0,-1,0,0,0,0,-2,2,1,-1,0,0,0,0,0,0,0,0,0,0,0,0,0,0,0,0,0
"248",486,0,0,0,0,0,0,0,0,0,0,0,0,0,0,1,-1,0,0,0,0,0,0,0,-2,2,0,0,0,0,0,0,0,0,0,0,0,0,-1,0,0,0,0,0,0,0,0,0,0,0,0,0,0,-1,2,-1,0,0,0,0,0,1,-1,-2,2,-1,1,0,-1,1,0,0,-1,1,0,0,0,0,0,0,0,0,0,0,0,0,0,0,0,0,0,0
"249",487,0,0,0,0,0,0,0,0,0,1,-1,0,0,15,5,5,4,1,5,0,0,1,-1,0,0,0,0,0,0,0,0,0,-1,1,0,0,0,0,0,0,0,0,0,0,0,-1,1,0,1,-1,0,1,0,-1,0,0,0,0,0,0,0,0,-4,4,0,0,-5,-3,-6,-6,-5,-8,-7,0,0,0,0,0,0,-1,0,0,0,0,0,0,0,0,0,0,0
"250",488,0,0,0,0,0,0,3,1,0,0,0,-1,1,0,0,0,0,0,-1,1,0,1,-1,1,0,0,0,1,-1,0,0,0,0,0,0,-1,0,-1,1,0,0,0,0,0,0,0,0,0,0,0,0,0,-1,1,1,-1,1,-1,2,-1,0,0,0,-1,0,2,0,0,-1,-1,1,0,0,0,2,1,-1,0,0,0,0,0,0,1,-1,0,0,0,0,0,0
"251",489,0,0,0,0,0,0,0,0,0,0,0,0,0,0,0,0,0,0,0,0,0,0,0,0,0,2,0,-1,0,-1,0,0,0,0,0,0,2,0,0,0,0,0,0,0,0,0,0,0,0,0,0,0,0,0,0,0,0,0,0,0,0,0,1,0,0,0,-1,1,0,-1,1,-1,1,0,0,0,2,0,0,0,-1,1,0,0,-3,0,0,0,0,0,0
"252",490,0,0,0,0,0,0,0,0,0,-1,0,1,0,0,0,0,0,0,0,0,-1,1,-2,-1,1,0,0,0,0,0,0,0,0,0,0,0,0,0,0,0,0,0,0,0,0,0,0,0,1,-1,-1,1,0,0,-1,1,0,0,-1,0,1,1,-1,1,-1,0,1,-1,0,1,-1,-1,1,0,0,0,0,0,-13,-5,0,0,-1,1,0,0,0,0,-1,-1,1
"253",491,0,0,0,0,0,0,0,0,0,-1,1,-1,1,0,0,0,0,0,0,0,0,0,0,0,0,0,0,0,0,0,0,0,0,0,0,0,0,0,0,-1,1,0,0,0,0,0,0,0,0,0,-1,1,-1,1,0,-1,1,0,0,-1,1,0,0,0,1,-1,0,0,0,0,1,-1,0,0,0,0,0,0,0,0,0,0,0,0,0,0,0,0,0,0,0
"254",492,0,0,0,0,0,1,0,0,0,0,0,0,1,-1,0,0,0,0,0,0,0,0,0,-2,1,0,0,0,0,0,0,0,0,0,0,0,0,-1,1,0,0,0,0,1,1,-2,0,2,-2,0,1,-1,0,1,-1,-12,-20,-12,0,-1,0,0,1,-2,3,-1,-1,-1,-1,-22,-18,-2,0,0,0,0,0,2,-2,0,0,0,0,-1,1,0,0,0,0,0,0
"255",493,0,0,0,0,0,0,0,0,0,-1,0,0,0,0,0,0,0,0,0,0,0,0,0,0,0,0,0,0,0,0,0,0,0,0,0,0,0,0,0,0,0,0,0,0,0,0,0,0,0,0,0,0,0,0,0,0,0,-1,1,-1,1,0,0,1,-1,0,0,-1,1,0,0,0,0,0,0,0,0,0,0,0,0,0,0,0,0,0,0,0,0,0,0
"256",494,0,0,0,0,0,0,0,0,0,0,0,0,0,0,0,0,0,0,0,0,0,1,0,-1,0,0,0,0,0,0,0,0,0,0,0,0,0,0,0,0,0,0,0,0,0,0,-1,1,0,0,0,0,0,0,0,0,1,-1,0,1,-1,0,0,0,0,0,-2,2,0,1,-1,0,0,-1,1,0,0,0,-1,1,0,0,0,0,0,0,0,0,0,0,0
"257",495,1,-1,0,0,0,0,0,0,0,0,-1,0,0,0,0,-1,1,0,1,0,0,-1,1,0,0,0,0,0,0,0,0,0,0,0,0,0,0,0,0,0,0,1,-1,0,0,0,0,0,0,0,0,0,0,0,0,0,0,-1,1,0,0,0,-2,3,0,-1,4,-4,0,0,0,1,-1,0,0,0,0,0,0,0,0,0,0,0,0,0,0,0,0,0,0
"258",496,0,0,0,0,0,0,0,0,0,0,0,0,0,0,0,0,0,0,0,0,0,1,0,0,0,0,0,0,1,-1,0,0,0,0,0,0,0,0,0,0,0,0,-1,0,3,-1,0,0,0,0,0,0,-1,1,0,0,-1,1,0,1,-2,-1,1,0,-1,2,-1,0,0,0,0,0,0,0,0,0,0,0,0,0,0,0,0,0,0,0,0,0,0,0,0
"259",497,0,0,0,0,0,0,0,0,0,2,0,1,1,-1,0,0,0,0,0,0,1,-1,0,0,0,0,0,0,0,1,0,-1,1,0,0,0,0,0,-2,2,0,0,0,0,0,-18,-6,0,-1,1,0,1,-1,0,0,0,0,0,0,-1,1,-1,1,0,0,1,0,-1,0,0,0,0,3,37,4,0,-1,1,0,0,-1,1,-1,2,-1,0,0,0,0,0,1
"260",498,0,0,0,0,0,0,0,0,0,0,0,0,0,0,0,0,0,0,0,0,0,0,0,0,0,0,0,0,-1,1,0,0,0,0,-1,-1,1,0,0,-2,2,1,-1,1,-1,0,2,0,-1,0,0,0,0,0,0,0,0,0,0,-1,0,1,0,-1,-2,2,-1,-1,2,-1,1,0,0,0,0,0,0,0,0,0,0,0,0,1,-1,0,0,0,0,0,0
"261",499,0,0,0,0,0,0,0,0,10,0,0,-1,1,0,-1,1,0,0,0,0,0,0,0,0,0,0,1,0,0,0,0,0,0,0,0,0,0,0,0,0,0,0,0,2,-2,0,0,0,0,0,0,2,-2,-1,1,0,1,0,-1,-2,0,2,0,-1,1,-2,1,1,0,1,-1,1,-1,21,0,0,0,0,0,0,0,0,0,-1,1,0,0,0,0,0,0
"262",500,0,0,0,0,0,0,0,0,0,0,0,-1,0,0,1,-1,1,5,-1,1,0,0,0,0,0,0,0,-1,1,-1,0,0,0,0,0,0,0,0,0,-1,2,0,0,0,0,0,0,0,0,0,0,1,-2,1,0,0,0,1,-1,0,0,0,0,0,0,0,0,0,0,0,0,0,0,0,0,0,0,0,0,0,0,0,0,-1,0,0,0,0,1,0,0
"263",501,0,0,0,0,0,0,0,0,0,0,0,0,0,3,5,5,5,0,0,6,5,1,3,7,1,0,0,0,0,0,-1,1,0,0,0,0,0,-1,1,0,0,0,0,-1,1,0,0,0,0,0,0,0,-1,0,0,-1,-5,-4,-4,-5,-4,-4,-7,-3,-3,-3,0,-2,-3,0,0,0,0,0,0,0,0,0,0,0,0,0,0,0,0,0,0,0,10,2,0
"264",502,0,0,0,0,0,0,0,0,0,0,0,0,0,0,0,0,0,-1,1,-1,1,-1,1,0,0,0,0,0,0,0,0,-1,1,0,0,0,0,0,0,0,0,0,0,0,0,0,0,0,-1,0,0,0,0,0,0,0,0,0,0,1,-1,0,0,1,-1,0,0,0,0,0,0,0,0,0,0,0,0,0,-8,0,0,-1,0,-1,1,0,0,0,0,0,0
"265",503,0,0,0,0,0,0,0,0,0,0,1,0,0,-2,0,1,0,0,0,0,0,1,-2,1,-1,0,0,0,0,0,0,0,0,0,0,0,0,-1,0,1,0,2,-1,0,0,0,0,0,0,0,0,-1,1,0,0,0,0,-1,0,0,-1,1,1,0,-1,2,0,-1,0,0,0,1,-1,0,0,-1,1,0,0,0,1,-1,-1,0,0,-1,1,0,0,0,0
"266",504,0,0,0,0,0,0,0,0,0,0,0,0,0,0,0,0,0,0,0,-1,0,0,-1,1,0,0,0,0,0,0,0,0,0,-1,1,0,0,0,0,2,-2,0,0,1,-1,0,0,-2,2,0,0,0,1,0,0,0,1,-1,0,0,0,0,0,1,0,-1,1,-1,-1,0,0,0,0,0,0,1,-1,0,0,0,0,1,1,-1,1,-1,0,0,-1,1,0
"267",505,0,0,-1,1,0,-1,1,0,0,0,0,0,0,0,0,0,0,0,0,-1,1,0,0,1,-1,0,0,-1,1,0,-1,0,0,0,0,0,-1,0,0,0,0,0,0,1,-1,0,0,-1,1,0,0,0,0,0,2,0,-1,0,0,0,0,0,-1,-1,1,1,-1,2,-3,1,0,1,-1,0,0,0,0,0,-1,1,0,0,0,-1,1,0,0,0,0,0,0
"268",507,0,0,0,0,0,0,0,0,0,0,0,0,0,0,0,0,0,-1,1,0,-1,-1,1,0,0,0,0,0,0,0,0,0,0,-1,0,-1,1,1,0,0,0,0,0,1,-1,0,0,0,0,0,0,0,0,0,0,0,0,0,0,0,0,0,0,0,0,0,0,0,0,0,0,0,0,0,0,1,-1,0,0,0,0,0,0,0,0,0,0,0,0,0,0
"269",508,0,0,0,0,0,0,0,0,0,0,-1,1,0,0,0,0,0,0,0,0,1,-1,0,0,0,0,1,1,-2,1,0,0,-1,1,0,0,0,0,0,0,0,0,0,0,0,0,0,-2,2,0,-1,1,0,0,0,0,0,0,0,0,0,0,0,0,2,-1,1,-1,0,0,0,0,0,0,0,0,0,0,0,0,0,0,0,0,0,0,0,0,0,0,0
"270",509,0,0,0,0,3,0,0,0,0,0,0,0,-2,2,0,-2,1,0,1,0,0,0,0,0,0,0,0,0,0,0,0,0,0,0,0,1,-1,0,-1,0,0,0,1,0,0,0,0,1,-1,0,0,1,-2,0,0,0,0,0,0,0,1,-2,1,0,0,0,0,0,0,0,0,0,0,0,0,0,0,0,0,0,0,0,0,0,0,0,0,0,1,-1,0
"271",510,0,0,0,0,0,0,0,0,0,0,0,0,0,0,2,-1,-6,-3,-1,0,0,0,0,0,0,0,0,0,0,0,0,0,0,0,-21,0,0,1,-1,0,0,-1,1,0,0,0,0,0,-1,1,0,0,0,0,-1,1,0,0,9,3,0,0,-1,1,-1,1,0,0,0,1,-1,0,0,0,0,0,0,0,0,0,0,0,2,-3,2,-1,0,0,0,0,0
"272",511,0,0,-1,1,0,0,0,0,0,0,0,0,0,5,10,5,5,15,5,13,16,18,11,15,9,13,13,17,7,1,-1,0,0,0,0,0,0,2,0,0,0,1,-1,0,0,0,0,3,-4,1,0,0,0,0,0,0,0,0,0,0,2,-2,0,0,0,0,-13,-14,-6,-2,-5,1,-3,-7,-2,-3,-7,-2,-2,-4,0,-4,-4,-5,-4,-1,-1,0,0,0,0
"273",512,0,0,0,0,0,1,0,0,0,0,0,0,0,0,0,0,0,0,0,0,0,0,0,0,-1,-1,1,-1,-1,1,0,0,0,0,-1,-1,1,0,0,0,0,0,0,0,0,0,0,0,1,-1,0,0,0,1,-1,0,-1,0,0,0,1,-2,1,0,1,0,-1,1,-1,0,0,-1,0,0,0,0,-2,0,0,0,0,0,0,0,0,0,0,0,0,0,0
"274",513,0,0,0,0,0,0,0,0,0,0,0,0,0,0,0,-1,0,0,0,0,0,0,1,-1,0,0,0,0,0,0,0,0,0,0,0,0,0,0,0,0,0,0,0,0,0,0,0,0,0,0,0,0,0,0,0,0,0,0,0,0,0,0,0,0,0,-1,1,0,1,-1,0,-1,1,0,0,1,-1,1,-1,0,-1,1,0,0,0,0,0,0,0,0,0
"275",514,0,0,0,0,0,0,0,1,0,0,0,0,0,0,0,0,0,0,0,0,0,0,0,0,-1,0,0,0,0,0,0,-1,0,-1,0,0,0,0,0,0,0,0,-1,0,1,-1,0,0,0,-1,0,0,0,0,0,0,0,0,-1,-1,1,0,-18,-21,2,1,-5,3,-1,0,1,1,-1,0,0,0,0,0,0,0,0,0,0,-1,0,1,-1,0,0,0,0
"276",515,0,0,0,0,0,0,0,0,0,0,0,0,0,0,0,-1,1,0,0,0,0,0,0,0,0,0,0,0,0,0,1,-1,0,0,0,0,0,1,-1,0,0,0,0,0,0,0,0,0,-1,1,0,0,0,0,0,0,0,0,0,0,0,2,-2,-1,1,0,0,0,0,1,-2,0,0,0,0,0,0,0,0,0,0,0,0,0,0,0,0,0,0,0,0
"277",516,0,0,0,0,0,0,0,0,0,0,0,0,0,0,0,0,0,0,0,0,0,0,0,1,-1,0,0,0,3,-2,0,0,0,0,0,0,0,0,0,0,0,0,0,1,-1,0,0,0,0,0,1,0,0,0,0,0,0,0,0,0,1,0,-1,-1,1,1,0,0,0,0,0,0,0,0,0,0,0,0,0,0,0,0,0,0,0,0,0,0,0,0,0
"278",517,0,0,0,0,0,0,0,0,19,0,0,0,0,1,-2,0,0,0,0,0,1,-2,0,0,2,-1,-1,0,0,0,0,0,0,0,0,0,0,0,0,0,-1,1,0,0,0,0,0,0,0,0,0,1,-1,-1,1,0,1,-2,1,-1,6,-1,1,1,0,1,0,0,0,0,1,-1,0,0,0,0,14,18,6,0,0,0,0,0,0,0,0,0,0,0,0
"279",518,0,0,0,0,0,0,0,3,0,0,0,0,0,0,0,-1,1,0,0,0,0,0,0,0,0,0,0,0,0,0,0,0,0,0,0,0,1,-2,1,0,0,0,0,0,0,0,0,0,0,0,0,0,0,0,0,0,0,0,0,-1,1,-1,0,-1,-1,1,0,0,1,-1,0,-3,3,0,0,0,0,0,1,-1,0,1,-2,1,0,0,0,0,0,0,0
"280",519,0,0,-1,1,0,0,0,0,10,14,0,1,0,0,1,-1,5,-1,-1,1,-1,1,1,7,-3,1,3,4,1,-1,0,0,0,0,0,0,0,1,0,-1,0,0,0,-1,0,1,1,-2,1,0,0,1,-1,0,0,0,1,-2,1,0,-4,-5,-1,3,-7,4,0,0,0,-1,1,0,0,0,0,0,1,1,5,0,0,0,0,1,-1,-1,1,0,0,0,0
"281",520,0,0,0,0,0,0,0,0,0,0,0,0,0,0,1,-2,-4,-18,-21,-21,-10,-16,-12,-13,-17,-11,-15,-6,-10,-8,-4,-5,-3,-2,0,0,0,0,0,0,0,0,0,0,0,0,0,0,0,0,-2,2,0,0,0,0,0,0,0,0,0,0,0,0,0,0,0,0,0,0,0,1,-1,0,0,0,0,0,0,0,0,0,0,0,0,0,0,0,0,0,0
"282",521,0,0,0,0,0,0,0,0,0,0,0,0,-1,1,0,0,0,0,0,0,1,-1,-1,-1,2,-1,0,1,-1,0,0,0,0,0,0,0,1,0,0,0,0,0,0,0,0,-1,1,0,-1,0,0,-1,1,-1,1,-1,0,0,0,0,0,0,0,-1,0,-1,1,0,0,-1,1,0,0,-1,0,0,0,0,1,-1,0,-1,1,0,0,-1,0,0,0,0,0
"283",522,0,0,0,0,0,0,0,0,0,0,0,0,0,-1,1,0,-1,0,0,0,0,1,-1,0,0,0,0,0,0,0,0,0,0,0,0,0,0,0,0,-1,1,0,0,0,0,0,0,0,0,0,0,0,0,1,-1,0,-1,1,-2,1,1,-1,1,0,0,-1,1,0,0,0,0,0,0,0,0,0,0,0,0,0,0,0,0,0,0,0,0,0,0,0,0
"284",523,0,0,0,0,0,0,0,0,0,0,0,0,0,0,-1,1,0,-1,1,0,0,0,0,1,-1,0,0,0,0,0,0,-1,1,0,0,-1,2,0,0,0,0,0,0,0,0,0,0,0,0,0,0,0,0,0,0,0,0,0,0,1,-1,-1,1,0,1,-2,1,-1,1,1,-1,0,0,0,0,0,0,0,0,0,1,-1,0,0,0,0,0,0,0,0,0
"285",524,0,0,0,0,0,0,0,0,0,0,0,0,0,0,2,-3,1,0,0,3,-2,0,0,0,0,0,0,0,0,0,0,0,0,0,0,0,0,0,0,0,0,0,0,-1,1,1,0,-1,0,0,0,0,0,0,0,1,-1,0,-1,0,-1,2,0,17,28,-4,3,1,0,0,0,0,0,0,0,0,0,0,0,0,0,0,0,0,0,0,0,0,0,0,0
"286",525,0,0,0,0,0,0,0,1,0,0,0,0,0,0,0,0,0,0,0,0,0,0,1,0,-1,0,1,-1,0,0,0,0,-1,1,0,0,-1,0,0,0,0,0,0,0,0,0,0,0,-2,2,0,0,0,0,0,-3,-1,0,0,0,0,0,0,-2,2,1,1,-3,1,0,0,0,0,-1,1,0,0,0,0,0,0,0,-1,0,0,0,0,0,0,0,0
"287",526,0,0,0,0,0,0,0,0,0,0,0,0,0,0,0,1,-1,0,-1,1,0,0,0,0,0,0,0,0,0,0,0,0,0,0,0,-1,1,0,0,0,0,0,0,0,0,-2,-2,5,2,0,-1,0,1,-1,0,0,0,-1,1,0,-3,2,0,0,0,0,0,0,0,0,0,-1,1,0,0,0,0,0,0,0,0,0,0,0,0,0,0,0,0,0,0
"288",527,0,0,0,0,0,0,0,0,0,0,0,-4,0,-2,-8,-1,-4,0,0,-1,0,0,0,0,0,0,0,0,0,0,1,-1,0,0,0,0,-1,1,0,0,11,11,0,-2,2,0,0,0,0,0,0,0,0,0,-1,1,5,5,4,1,5,4,5,0,1,-2,1,-1,0,0,0,0,0,0,0,0,0,0,-1,1,0,-1,1,0,0,0,0,1,-1,0,0
"289",528,0,0,0,0,0,0,0,0,0,0,0,0,0,0,0,0,0,0,0,0,0,0,0,1,-1,0,0,0,0,0,0,0,0,0,0,0,0,0,0,0,0,-1,0,0,-1,1,0,0,0,0,0,1,-1,0,0,-1,0,1,-1,0,0,1,0,-1,3,-1,-1,0,-1,0,0,0,0,0,0,-1,-2,2,0,0,0,0,0,0,0,0,0,0,0,0,0
"290",529,0,0,0,0,0,0,0,0,0,0,10,33,24,23,25,14,6,5,7,8,10,5,5,9,5,11,5,0,0,0,0,0,0,0,0,0,11,9,-1,1,0,0,0,0,0,0,0,0,0,1,0,-5,-4,-6,-4,-6,-9,-7,-11,-9,-14,-11,-15,-9,0,0,-1,0,0,0,0,0,0,0,0,0,0,0,0,0,0,0,0,0,0,0,0,-1,0,0,0
"291",530,0,0,0,0,0,0,0,0,0,0,1,-1,0,0,0,0,0,0,0,-1,1,-2,1,0,0,0,0,0,0,0,0,0,0,0,0,-1,1,0,0,-1,1,0,0,0,0,0,0,0,0,0,0,-1,0,0,0,0,1,0,0,0,0,0,0,1,-1,0,-1,1,0,0,0,0,0,0,0,0,0,0,0,0,0,0,0,0,0,-1,1,0,0,0,0
"292",531,0,1,-1,0,0,0,0,0,0,1,0,-1,0,0,1,0,0,0,0,0,0,0,-1,1,0,-1,0,0,1,-1,-1,2,0,0,0,0,0,0,-1,0,0,1,-1,-1,0,1,0,1,-1,0,0,1,0,0,0,0,0,0,0,0,-1,1,0,0,1,-1,0,0,0,0,0,-1,1,0,0,0,0,2,-2,0,0,0,0,0,0,0,0,0,0,0,0
"293",532,0,0,0,0,0,0,0,0,0,0,0,-1,0,0,0,0,0,0,0,0,0,0,0,-1,1,0,0,0,0,0,0,0,0,0,0,0,0,-1,1,0,0,0,0,0,0,0,0,1,-1,-1,0,0,0,0,1,-1,2,-2,0,0,0,0,0,0,0,0,0,1,-1,0,-1,1,1,-1,0,1,-1,-1,1,0,0,-1,1,0,0,0,0,1,0,0,0
"294",533,0,0,0,0,0,0,0,0,0,0,1,0,-1,0,0,0,0,0,0,0,1,-2,1,0,0,-1,1,-1,0,0,0,0,0,0,0,0,0,0,0,0,-1,1,0,0,0,0,0,-1,1,0,0,0,0,0,0,0,0,-1,1,-1,-3,3,0,2,-1,0,0,0,0,0,0,-1,1,0,0,0,0,0,0,0,0,0,0,0,0,0,0,0,0,0,0
"295",534,0,0,0,0,0,0,0,0,0,1,-1,0,0,0,0,0,0,0,0,0,0,0,0,0,0,0,0,1,-1,0,0,0,0,0,0,0,0,0,0,0,0,0,0,0,0,0,0,0,0,-1,1,0,0,0,0,0,0,-2,1,0,0,0,0,-1,1,0,0,0,0,0,0,0,0,0,0,0,0,0,0,0,0,0,0,0,0,0,0,0,0,0,0
"296",536,0,0,0,0,0,0,0,-10,0,0,0,2,-2,0,-1,1,0,0,-4,-2,-5,-6,-2,0,-1,0,-1,0,0,1,-1,0,0,0,0,0,0,0,0,0,0,0,0,0,0,0,0,-1,0,1,0,0,-1,1,0,0,0,0,0,0,1,-1,1,4,5,0,5,0,4,1,0,0,0,1,-1,0,-1,0,0,0,0,0,0,1,0,0,0,0,0,1,0
"297",537,0,0,0,0,0,0,0,0,0,0,0,0,0,0,0,0,0,0,0,0,0,1,-2,1,0,0,0,0,1,-1,0,0,1,-1,0,-1,1,0,0,0,-1,0,0,0,0,0,0,2,-2,0,0,0,0,-1,1,0,0,-2,2,0,-1,1,0,0,-1,-2,0,1,1,0,1,-2,1,0,1,1,-1,0,0,0,0,0,0,0,1,1,-1,0,0,0,0
"298",539,0,0,0,0,0,0,0,0,0,0,0,0,0,0,1,-1,0,0,0,0,0,0,0,0,0,0,0,0,0,0,0,0,0,0,0,0,0,0,0,0,0,0,0,0,0,0,0,0,0,-1,1,0,1,-1,0,0,0,0,0,1,-1,0,0,0,0,-1,0,0,0,0,1,0,-1,1,0,1,-1,0,0,0,0,0,0,0,0,0,0,0,2,0,0
"299",540,0,0,0,1,0,0,0,0,0,0,0,0,0,0,0,0,0,0,1,0,-1,1,-2,0,1,0,-1,0,0,0,0,1,0,0,0,1,0,-1,0,0,1,0,0,0,0,0,1,-1,1,-9,11,0,0,0,0,0,0,0,0,0,0,0,0,0,0,1,-1,-1,0,0,1,-1,0,0,0,0,0,1,-1,0,0,0,0,0,0,0,0,0,-1,1,0
"300",545,0,0,0,0,0,0,0,0,0,0,0,0,0,0,0,-1,1,0,0,0,0,0,0,0,0,0,1,-1,0,0,0,0,0,0,0,0,0,-1,1,0,0,0,0,0,0,0,0,0,0,0,0,0,0,0,0,0,0,0,0,0,1,-1,0,1,-1,0,0,0,0,0,0,0,0,0,0,0,0,0,0,0,0,0,0,0,1,-1,0,0,0,0,0
"301",546,0,0,0,2,0,0,0,0,0,0,0,1,-1,0,0,-2,2,0,0,0,-1,0,1,0,0,-2,-1,0,-1,0,0,-2,0,0,0,0,0,0,0,0,-2,-1,0,0,0,0,-1,1,-2,-1,-2,0,0,0,-12,-6,0,0,0,0,0,-1,1,1,0,-1,0,0,0,1,NA,NA,1,0,0,-1,1,1,-1,0,0,0,0,0,0,0,0,0,0,0,0
"302",2000,0,0,0,0,0,0,0,0,0,0,0,0,0,0,0,0,0,0,0,-1,1,0,0,0,0,-1,0,0,0,0,0,0,0,0,0,0,0,0,0,0,0,0,0,0,0,0,0,0,0,0,0,0,0,0,-2,-14,-5,1,0,0,0,1,0,0,0,0,-1,1,0,0,1,-1,0,0,0,0,0,0,0,0,0,0,0,0,0,0,0,0,0,0,0
"303",2001,0,0,0,0,0,0,0,0,0,0,0,0,0,0,0,0,0,0,0,0,0,0,0,0,0,0,0,0,0,0,0,0,0,0,0,0,0,0,0,0,0,0,0,0,0,0,0,0,0,0,0,0,0,0,0,0,0,0,0,0,0,0,0,0,0,0,0,0,0,0,0,0,0,0,0,0,0,0,0,0,0,0,0,0,0,0,0,0,0,0,0
"304",2002,1,-1,0,0,0,0,0,0,0,0,0,0,0,0,0,0,0,0,0,0,0,0,0,0,0,0,-2,0,0,0,0,1,0,0,0,0,0,0,0,0,0,0,0,0,0,0,0,1,-1,0,0,-1,1,0,0,0,0,0,0,0,0,0,0,0,0,0,-1,1,0,0,0,0,0,0,0,0,0,0,0,0,0,0,0,0,0,0,0,0,0,1,0
"305",2003,0,0,0,0,0,0,0,0,0,0,0,0,0,0,0,-1,1,0,0,0,-1,1,0,0,0,0,0,0,0,0,-1,1,0,0,0,0,0,0,0,0,0,0,0,-1,2,0,0,0,0,0,0,0,0,-2,0,1,0,0,0,0,0,-1,2,1,0,1,-2,0,0,0,0,0,0,0,0,0,0,0,0,0,0,0,0,0,0,0,1,0,0,0,0
"306",2004,0,0,0,0,0,0,0,0,0,0,0,1,-1,0,0,0,0,0,-1,0,1,-1,1,-1,0,-1,0,0,0,0,0,0,0,0,0,0,1,-2,1,0,0,0,0,0,0,0,0,0,1,-1,0,0,0,0,0,0,0,-1,1,0,-1,-2,2,0,0,0,0,-1,0,0,0,0,0,0,0,0,0,0,0,0,0,0,0,0,0,0,0,0,0,0,0
"307",2005,0,0,0,0,0,0,0,0,0,0,0,0,0,0,0,0,0,0,0,0,0,0,0,0,0,0,0,0,0,0,0,0,0,0,0,0,0,0,0,0,0,0,0,0,0,0,0,0,0,0,0,0,0,0,0,0,0,0,0,0,0,0,0,0,0,0,0,0,0,0,0,0,0,0,0,0,0,0,0,0,0,0,0,0,0,0,0,0,0,0,0
"308",2006,0,0,0,0,0,0,0,10,0,0,0,0,0,0,0,1,-1,0,0,0,0,0,-1,1,-1,0,-1,1,0,0,0,0,0,0,0,1,-2,0,0,-2,1,0,1,0,0,0,0,-1,1,0,0,0,1,0,-1,0,0,0,0,0,0,2,0,-4,2,0,0,0,0,0,0,0,0,0,0,0,0,0,0,0,1,-1,0,0,0,0,0,0,0,0,0
"309",2008,0,0,0,1,0,0,0,-1,1,0,0,0,0,-1,1,0,0,0,0,0,0,0,0,0,0,0,0,0,0,0,0,0,0,0,0,0,0,0,0,0,0,0,0,0,0,0,0,0,0,0,0,-1,1,-2,2,0,0,0,0,0,0,0,1,-2,1,0,0,0,0,0,0,0,0,0,0,0,0,0,0,0,0,0,0,0,0,0,0,0,0,0,0
"310",2009,0,0,0,0,0,0,0,0,0,0,0,0,0,0,0,0,0,0,0,0,-1,1,0,0,0,0,0,0,0,0,0,0,0,0,0,0,0,0,0,0,0,0,0,0,0,0,0,0,0,0,0,0,0,0,0,0,0,0,0,1,0,-1,0,0,-1,1,0,0,0,0,0,0,0,0,0,0,0,0,0,0,0,0,0,1,-1,0,0,0,0,0,0
"311",2010,0,0,0,0,0,0,0,0,0,0,0,0,0,0,0,0,0,0,0,0,0,0,0,0,0,0,0,0,0,0,0,0,0,0,-2,-9,0,0,-1,0,0,0,0,0,0,0,1,0,0,0,0,0,0,0,0,0,0,0,0,0,0,-1,1,-1,1,0,0,0,-1,2,-1,0,0,0,0,0,0,0,-1,1,0,0,0,0,0,0,0,0,0,0,0
"312",2012,0,0,0,0,0,0,0,0,0,0,0,-1,1,0,1,-1,0,0,0,-2,2,0,0,-3,0,0,0,0,0,0,0,0,0,0,0,0,1,-1,0,-1,1,0,0,0,-1,1,0,0,0,0,0,0,0,0,0,-1,0,0,0,-1,1,0,0,0,0,0,0,0,0,0,0,0,0,0,0,0,0,0,0,0,1,-1,0,0,0,0,0,0,0,0,0
"313",2017,0,0,0,0,0,0,0,0,0,0,0,-1,1,0,0,0,0,0,0,0,0,1,-1,-1,2,0,0,-1,0,0,1,-1,0,0,0,0,-1,1,0,0,0,0,0,0,0,0,0,-1,1,0,0,0,0,0,0,0,0,0,0,1,-1,0,0,0,0,0,0,0,1,0,0,0,0,0,0,0,0,0,0,0,0,0,0,0,0,0,0,0,0,0,0
"314",2021,0,0,0,0,0,0,0,0,0,0,0,0,0,0,0,-1,1,0,0,0,0,0,-1,3,-2,0,0,0,0,0,0,0,0,0,0,0,1,0,-1,0,0,1,-1,1,-1,0,0,0,0,1,-1,0,0,2,-1,1,0,0,0,1,-2,2,0,1,-1,1,-1,0,0,0,0,-1,1,0,0,-1,1,1,-1,0,0,-1,1,0,-1,1,0,0,0,0,0
"315",2022,0,0,0,0,0,0,0,1,0,0,0,0,0,0,0,0,0,0,0,-1,1,0,0,0,0,0,0,0,0,0,0,0,0,0,-1,0,0,0,2,0,0,0,0,0,0,0,0,0,0,0,0,0,0,0,0,0,0,0,0,0,0,0,0,0,0,0,0,0,0,0,0,0,0,0,0,0,0,0,0,0,0,0,0,0,0,0,0,0,0,0,0
"316",2023,0,0,0,0,2,0,0,0,0,0,0,0,0,0,0,0,-1,0,0,1,-2,0,0,0,0,0,-1,0,0,0,0,0,0,0,0,0,0,0,0,0,0,1,-1,0,0,0,0,0,0,0,0,0,0,0,0,0,0,0,0,0,-1,2,-1,0,0,0,0,0,0,0,0,0,0,0,0,0,0,8,16,0,0,0,0,-1,0,0,0,0,0,0,0
"317",3002,0,0,0,-19,0,0,0,0,0,1,-1,0,0,0,0,-1,1,0,-1,-1,1,1,-1,0,0,0,0,0,0,0,0,0,0,0,0,0,0,0,0,0,0,-1,1,0,0,0,0,1,0,-1,0,0,0,0,0,0,0,1,-1,0,0,0,0,0,-2,5,-2,-1,0,0,0,-1,1,0,0,0,0,1,-1,0,0,0,0,0,0,0,0,1,-1,0,0
"318",3041,0,0,0,0,0,0,0,0,0,1,0,0,0,0,0,0,0,0,0,0,0,0,0,0,0,0,0,0,0,0,0,0,0,0,0,0,0,0,0,0,0,0,0,0,0,0,0,0,0,0,0,0,0,0,0,0,0,0,0,0,0,0,0,0,0,0,0,0,0,0,0,0,0,0,0,0,0,0,0,0,0,0,0,0,0,0,0,0,0,0,0
"319",3042,0,0,0,0,0,0,0,0,0,0,0,0,0,0,0,0,0,0,0,0,1,0,0,-1,0,0,0,0,0,0,0,0,0,0,0,0,0,0,0,0,0,0,0,0,0,0,0,0,0,0,0,0,1,0,0,0,0,0,0,0,0,0,0,0,0,0,0,0,0,1,0,0,0,0,0,0,0,0,0,0,0,0,0,0,0,0,0,0,0,0,0
"320",3043,0,0,0,0,0,0,0,0,0,0,0,0,0,0,0,0,0,10,0,0,0,0,0,0,0,0,0,0,0,0,0,0,0,0,0,0,0,0,0,0,0,0,0,0,0,0,0,0,0,0,0,0,0,0,0,0,0,0,0,0,0,0,0,0,0,1,-1,0,0,0,0,0,0,0,0,0,0,0,0,0,0,0,0,0,0,0,0,0,0,0,0
"321",3044,0,0,0,0,0,0,0,0,0,0,0,0,0,0,0,0,0,0,0,0,0,0,0,0,0,0,0,0,0,0,0,0,0,0,0,0,0,0,0,0,0,0,0,0,0,0,0,0,0,0,1,-1,0,0,0,0,0,0,0,0,0,0,0,0,0,0,0,0,0,0,0,0,0,0,0,0,0,0,0,0,0,0,0,0,0,0,0,0,0,0,0
"322",3046,0,0,0,-1,0,0,0,0,0,0,0,0,0,0,0,0,0,0,0,0,0,0,0,0,0,0,0,0,0,0,0,0,0,0,0,0,0,0,0,0,0,0,0,0,0,0,0,0,0,0,0,0,0,0,0,0,0,0,0,0,0,0,0,0,0,0,0,0,0,0,0,0,0,0,0,0,0,0,0,0,0,0,0,0,0,0,0,0,0,0,0
"323",3047,0,0,0,0,0,0,0,0,0,0,0,0,0,0,0,0,0,0,0,0,0,0,-1,0,0,0,0,0,0,0,0,0,0,0,0,0,0,0,0,0,0,0,0,0,0,0,0,0,0,0,0,0,0,0,0,0,0,0,1,0,-1,0,0,0,0,0,0,0,0,0,0,0,0,0,0,0,0,0,0,0,0,0,0,0,0,0,0,0,0,0,0
"324",3048,0,0,0,0,0,0,0,0,0,0,0,0,0,0,0,0,0,0,0,0,0,0,0,0,0,0,0,0,0,0,0,0,0,0,0,0,0,0,0,0,0,0,0,0,0,0,0,0,0,0,0,0,0,0,0,0,0,0,0,0,0,0,0,0,0,0,0,0,0,-1,1,0,0,0,0,0,0,0,0,0,0,0,0,0,0,0,0,0,0,0,0
"325",3049,0,0,0,1,0,0,0,0,0,0,-1,1,0,0,0,0,0,0,0,-1,1,0,0,0,0,0,0,0,0,0,0,0,0,0,0,0,5,0,0,0,0,0,0,0,0,0,0,0,0,0,0,0,0,0,0,0,0,0,0,0,1,-1,0,0,0,0,0,1,-1,0,0,0,0,0,0,0,0,0,0,0,0,0,0,0,0,0,0,0,0,0,0
"326",3050,0,0,0,0,0,0,0,0,0,0,0,0,0,0,0,0,0,0,0,0,0,0,0,-1,1,0,0,0,0,0,0,0,0,0,0,0,0,6,0,0,0,0,0,0,0,0,0,0,0,0,0,0,0,0,0,0,0,0,0,0,0,0,0,0,0,0,0,0,0,0,0,0,0,0,0,0,0,0,0,0,0,0,0,0,0,0,0,0,0,0,0
"327",3052,0,0,0,0,0,0,0,0,0,0,0,0,0,0,0,0,0,0,0,-1,0,0,0,0,0,0,0,0,0,0,0,0,0,0,0,0,0,0,0,0,0,0,0,0,0,5,0,0,0,0,0,0,0,0,0,0,0,0,0,0,0,0,0,1,-1,0,0,0,0,0,0,0,0,0,0,0,0,0,0,0,0,0,0,0,0,0,0,0,0,0,0
"328",3053,0,0,0,0,0,0,0,0,0,0,0,0,0,0,0,0,0,0,0,0,0,0,0,0,0,0,0,0,0,0,0,0,0,0,0,0,0,0,0,0,0,0,0,0,0,0,0,0,0,0,0,0,0,0,0,0,0,0,0,0,0,0,0,0,0,0,0,0,0,0,0,0,0,0,0,0,0,0,0,0,0,0,0,0,0,0,0,0,0,0,0
"329",3054,0,0,0,0,0,0,0,0,0,0,0,0,0,0,0,0,0,0,0,0,0,0,0,1,0,0,0,0,0,0,0,0,0,0,0,0,0,0,0,0,0,0,0,0,0,0,0,0,0,0,0,0,0,0,0,0,0,0,0,0,0,0,0,0,6,4,0,0,0,0,0,0,0,0,0,0,0,0,0,0,0,0,0,0,0,0,0,0,0,0,0
"330",3055,0,0,0,0,0,0,0,0,0,0,0,0,0,0,0,0,0,0,0,0,0,0,0,0,0,0,0,0,0,0,0,0,0,0,0,0,0,0,0,0,0,0,0,0,0,0,0,0,0,0,0,0,0,0,0,0,0,0,0,0,0,0,0,0,0,0,0,0,0,0,0,0,0,0,0,0,0,0,0,0,0,0,0,0,0,0,0,0,0,0,0
"331",3056,0,0,0,0,0,0,0,0,0,0,0,0,0,0,0,0,0,0,0,0,0,0,0,0,0,0,0,0,0,0,0,0,0,0,0,-1,1,0,0,0,0,0,0,0,0,0,0,0,0,0,0,0,0,0,0,0,0,0,0,0,0,0,0,0,0,0,0,0,0,0,0,0,0,0,0,0,0,0,0,0,0,0,0,0,0,0,0,0,0,0,0
"332",3057,0,0,0,0,0,0,0,0,0,0,0,0,0,0,0,0,0,0,0,0,0,0,0,0,0,0,0,-1,1,0,0,0,0,0,0,0,0,0,0,0,0,0,0,0,0,0,0,0,0,0,0,0,0,0,0,0,0,0,0,0,0,0,0,0,0,0,0,0,0,0,0,0,0,0,0,0,0,0,0,0,0,0,0,0,0,0,0,0,0,0,0
"333",3058,2,0,0,0,0,0,0,0,0,0,0,0,0,0,0,0,0,0,0,0,0,0,0,0,0,0,0,0,0,0,0,0,0,0,0,0,0,0,0,0,0,0,0,0,0,0,0,0,0,0,0,0,0,0,0,0,0,0,0,0,0,0,0,0,0,0,0,0,0,0,0,0,0,0,0,0,0,0,0,0,0,0,0,0,0,0,0,0,0,0,0
"334",3059,0,0,0,0,0,0,0,0,0,0,0,0,0,0,0,0,0,0,0,0,0,0,0,0,0,0,0,0,0,0,0,0,0,0,0,0,0,0,0,0,0,0,0,0,0,0,0,0,0,0,0,0,0,0,0,0,0,0,0,0,0,0,0,0,0,0,0,0,0,0,0,0,0,0,0,0,0,0,0,0,0,0,0,0,0,0,0,0,0,0,0
"335",3060,0,0,0,0,0,0,0,0,0,0,0,0,0,0,0,0,0,0,0,0,0,0,0,0,0,0,0,0,0,0,0,0,0,0,0,0,0,0,0,0,0,0,0,0,0,0,0,0,0,0,0,0,0,0,0,0,0,0,0,0,0,0,0,0,0,0,0,0,0,0,0,0,0,0,0,1,-1,0,0,0,0,0,0,0,0,0,0,0,0,0,0
"336",3061,0,0,0,0,0,0,0,0,0,0,0,0,0,0,0,0,0,0,0,0,0,0,0,0,0,0,0,0,0,0,0,0,0,0,0,0,0,0,0,0,0,0,0,0,0,0,0,0,-1,1,0,0,0,0,0,0,0,0,0,0,0,0,0,0,0,0,0,0,0,0,0,0,0,0,0,0,0,0,0,0,0,0,0,0,0,0,0,0,0,0,0
"337",3062,0,0,0,0,0,0,0,0,0,0,0,0,0,0,0,0,0,0,0,0,0,0,0,0,0,0,0,0,-1,1,0,0,0,0,0,0,0,0,0,0,0,0,0,0,0,0,0,0,0,0,0,0,0,0,0,0,0,0,0,0,0,0,0,0,0,0,1,-1,0,0,0,0,0,0,0,0,0,0,0,0,0,0,0,0,0,0,0,0,0,0,0
"338",3063,0,0,0,0,0,0,0,0,0,0,0,0,0,0,0,0,0,0,0,0,0,0,0,0,0,0,0,0,0,0,0,0,0,0,0,0,0,0,0,0,0,0,0,0,0,0,0,0,0,0,0,0,0,0,0,0,0,0,0,0,0,0,0,0,0,0,0,0,0,0,0,0,0,0,0,0,0,0,0,0,0,0,0,0,0,0,0,0,0,0,0
"339",3064,0,0,0,0,0,0,0,0,0,-1,0,0,0,0,0,0,0,0,0,0,0,0,0,0,0,0,0,0,0,0,0,0,0,0,0,0,0,0,0,0,0,0,0,0,0,0,0,0,0,0,0,0,0,0,0,0,0,0,0,0,0,0,0,0,0,0,0,0,0,0,0,0,0,0,0,0,0,0,0,0,0,0,0,0,0,0,0,0,0,0,0
"340",3065,0,0,0,0,0,0,0,0,0,0,0,0,0,0,1,-1,0,0,0,0,0,0,0,0,1,-1,0,0,0,0,0,0,0,0,0,0,0,0,0,0,0,0,0,0,0,0,0,0,0,0,0,0,0,0,0,0,0,0,0,1,-1,0,0,0,0,0,0,0,0,0,0,0,0,0,0,0,0,0,0,0,0,0,0,0,0,0,0,0,0,0,0
"341",3066,0,0,0,0,0,0,0,0,0,0,0,0,0,0,0,0,0,0,0,0,0,0,0,0,0,0,0,0,0,0,0,0,0,0,0,0,0,0,0,0,0,0,0,0,0,0,0,0,0,0,0,0,0,0,0,0,0,0,0,0,-1,1,0,0,0,0,0,0,0,10,0,0,0,0,0,0,0,0,0,0,0,0,0,0,0,0,0,0,0,0,0
"342",3067,0,0,0,0,0,0,0,0,0,0,0,0,0,0,0,0,0,0,0,0,0,0,0,0,0,0,0,0,0,0,0,0,0,0,0,0,0,0,0,0,0,0,0,0,0,0,0,0,0,0,0,0,0,0,0,0,0,0,0,0,0,0,0,0,0,0,0,0,0,0,0,0,0,0,0,0,0,0,0,0,0,0,0,0,0,0,0,0,0,0,0
"343",3068,0,0,0,0,0,0,0,0,0,1,0,0,0,0,0,0,0,0,0,0,0,0,0,0,0,0,0,0,0,0,0,0,0,0,0,0,0,0,0,0,0,0,0,0,0,-1,0,0,0,0,0,0,0,0,0,0,0,0,0,0,0,0,0,0,0,0,0,0,0,0,0,0,0,0,0,0,0,0,1,-1,0,0,0,0,0,0,0,0,0,0,0
"344",3069,0,0,0,0,0,0,0,0,0,0,0,0,0,0,0,0,0,0,0,0,0,0,0,0,0,0,0,0,0,0,0,0,0,0,0,0,0,0,0,0,0,0,0,0,0,0,0,0,0,0,0,0,0,0,0,0,0,0,0,0,0,0,0,0,0,0,0,0,0,0,0,0,1,0,0,0,0,0,0,0,0,0,0,0,0,0,0,0,0,0,0
"345",3070,0,0,0,0,0,0,0,0,0,0,0,0,0,0,0,0,0,0,0,0,0,0,0,0,0,0,0,0,0,0,0,0,0,0,0,0,0,0,0,0,0,0,0,0,0,0,0,0,0,0,0,0,0,0,0,0,0,0,0,0,0,0,0,0,0,0,0,0,0,0,0,0,0,0,0,0,0,0,0,0,0,0,0,0,0,0,0,0,0,0,0
"346",3071,0,0,0,0,0,0,0,0,0,0,0,0,0,0,0,0,0,0,0,0,13,0,0,0,0,0,0,0,0,0,0,0,0,0,0,0,0,0,0,0,0,0,0,0,0,0,0,0,0,0,0,0,0,0,0,0,0,0,0,0,0,0,0,0,0,0,0,0,0,0,0,0,-1,0,0,0,0,0,0,0,0,0,0,0,0,0,0,0,0,0,0
"347",3072,0,0,0,0,0,0,0,0,0,0,0,0,0,0,0,0,0,0,0,0,0,0,0,0,0,0,0,0,0,0,0,0,0,0,0,0,0,0,0,0,0,0,0,0,0,0,0,0,0,0,0,0,0,1,-1,0,0,0,0,0,0,0,0,0,0,0,0,0,0,0,0,0,0,0,0,0,0,0,0,0,0,0,0,0,0,0,0,0,0,0,0
"348",3073,0,0,0,0,0,0,0,0,0,0,0,0,0,0,0,0,0,0,0,0,0,0,0,0,0,0,0,0,0,0,0,0,0,0,0,0,0,0,0,0,0,0,0,-1,1,0,0,0,0,0,0,0,0,0,0,0,0,0,0,0,0,0,0,0,0,0,0,0,0,0,0,0,0,0,0,0,0,0,0,0,0,0,0,0,0,0,0,0,0,0,0
"349",3074,0,0,0,0,0,0,0,0,0,0,0,0,0,0,0,0,0,0,0,0,0,0,0,0,0,0,0,0,0,0,0,0,0,0,0,0,0,0,0,0,0,0,0,0,0,0,0,0,0,0,0,0,0,0,0,0,0,0,0,0,0,0,0,0,0,1,-1,0,0,0,0,0,0,0,0,0,0,0,0,0,0,0,1,-1,0,0,0,0,0,0,0
"350",3075,0,0,0,-1,0,0,0,0,0,0,0,0,0,0,0,0,0,0,0,0,0,0,0,0,0,0,0,0,0,0,0,0,0,0,0,0,0,0,0,0,0,0,0,0,0,0,0,0,0,0,0,0,0,0,0,0,0,0,0,0,0,0,0,0,0,0,0,0,0,0,0,0,0,0,0,0,0,0,0,0,0,0,0,0,0,0,0,0,0,0,0
"351",3076,0,0,0,0,0,0,0,0,0,0,0,0,0,0,0,0,0,0,0,0,0,-1,1,0,0,0,0,0,0,0,0,0,0,0,0,0,0,0,0,0,0,0,0,0,0,0,0,0,0,0,-1,0,0,0,0,0,0,0,0,0,0,0,0,0,0,0,0,0,0,0,0,0,0,0,0,0,0,0,0,0,0,0,0,0,0,0,0,0,0,0,0
"352",3077,0,0,0,0,0,0,0,0,0,0,0,0,0,0,0,0,0,0,0,0,0,0,0,0,0,0,0,0,0,0,0,0,0,0,0,0,0,0,0,0,0,0,0,0,0,0,0,0,0,0,0,0,0,0,0,0,0,0,0,0,0,0,0,0,0,0,0,0,0,0,0,0,0,0,0,0,0,0,0,0,0,0,0,0,0,0,0,0,0,0,0
"353",3079,0,0,0,0,0,0,0,0,0,0,0,0,0,0,0,0,0,0,0,0,0,0,0,0,0,0,0,0,0,0,0,0,0,0,0,0,0,0,0,0,0,0,0,0,0,0,0,0,0,0,0,0,0,0,0,0,0,0,0,0,0,0,0,0,0,0,0,0,0,0,-1,1,0,0,0,0,0,0,0,0,0,0,0,0,0,0,0,0,0,0,0
"354",3080,0,0,0,0,0,0,0,0,0,0,0,0,0,0,0,0,0,0,0,0,0,0,0,0,1,-1,0,0,0,0,0,0,0,0,0,0,0,0,0,0,0,0,0,0,0,0,0,0,0,0,0,0,0,0,0,0,0,0,0,0,0,0,0,0,0,0,0,0,0,0,0,0,0,0,0,0,0,0,0,0,0,0,0,0,0,0,0,0,0,0,0
"355",3081,0,0,0,0,0,0,0,0,0,0,0,1,-1,0,0,0,0,0,0,0,0,0,0,0,0,0,0,0,0,0,0,0,0,0,0,0,0,0,0,0,0,0,0,0,0,0,0,0,0,0,0,0,0,0,0,0,0,0,0,0,0,0,0,0,0,0,0,0,0,0,0,0,0,0,0,0,0,0,0,0,0,0,0,0,0,0,0,0,0,0,0
"356",3082,0,0,0,0,0,0,0,0,0,0,0,0,0,0,0,0,0,0,0,0,0,0,0,0,0,0,0,0,0,0,0,0,0,0,0,0,0,0,0,0,0,0,0,0,0,0,0,0,-1,1,0,0,0,0,0,0,0,0,0,0,0,0,0,0,0,0,0,0,0,0,0,0,0,0,0,0,0,0,0,0,0,0,0,0,0,0,0,0,0,0,0
"357",3083,0,0,0,0,0,0,0,0,0,0,0,0,0,0,0,0,0,0,0,0,0,0,0,0,-1,1,0,0,0,0,0,0,0,0,0,0,0,0,0,0,0,0,0,0,0,0,0,0,0,0,0,0,0,0,0,0,0,0,0,0,0,0,0,0,0,0,0,0,0,0,0,0,0,0,0,0,0,0,0,0,0,0,-2,-4,0,0,0,0,0,0,0
"358",3084,0,0,0,0,0,0,0,0,0,0,0,0,0,0,0,0,0,0,0,0,-1,1,0,0,0,0,0,0,0,0,0,0,0,0,0,0,0,0,0,0,0,0,0,0,0,0,0,0,0,0,0,0,0,0,0,0,-5,-5,0,0,0,0,0,0,0,0,0,0,0,0,-1,0,0,0,0,0,0,0,0,0,0,0,0,0,0,0,0,0,0,0,0
"359",3085,0,0,0,0,0,0,0,0,0,0,0,0,0,0,0,0,0,0,0,0,0,0,0,0,0,0,0,0,0,0,0,0,0,0,0,0,0,0,0,0,0,0,0,0,0,0,0,0,0,0,0,-1,1,0,0,0,0,0,0,0,0,0,0,1,-1,0,0,0,0,0,0,0,0,0,0,0,0,0,0,0,0,0,0,0,0,0,0,0,0,0,0
"360",3086,0,0,0,0,0,0,0,0,0,0,0,0,0,0,0,0,0,0,0,0,0,0,0,1,-1,-5,-15,0,0,0,0,0,0,0,0,0,0,0,0,0,0,0,0,0,0,0,0,0,0,0,0,0,0,0,0,0,0,0,0,0,0,0,0,-1,1,0,0,0,0,0,0,0,0,0,0,11,0,0,0,0,0,0,1,-1,0,0,0,0,0,0,0
"361",3087,0,0,0,0,0,0,0,0,0,0,0,0,0,0,0,0,0,0,0,0,0,0,0,0,0,0,0,0,0,0,0,0,0,0,0,0,0,0,0,0,0,0,0,0,0,0,0,0,0,0,0,0,0,0,0,0,0,0,0,0,0,0,0,0,0,0,0,0,-1,1,-1,1,0,0,0,0,0,0,0,0,0,0,0,0,7,0,0,-1,1,0,0
"362",3088,0,0,0,0,0,0,0,0,0,0,0,0,0,0,0,0,0,0,0,0,0,0,0,0,0,0,0,0,0,0,0,0,0,0,0,0,0,0,0,0,0,0,0,0,0,0,0,0,0,0,0,0,0,0,0,0,0,0,0,0,1,-1,0,0,0,0,0,0,0,0,0,0,0,0,0,0,0,0,0,0,0,0,0,0,0,0,0,0,0,0,0
"363",3090,0,0,0,0,0,0,0,0,0,0,0,0,0,0,0,0,0,0,0,0,0,-6,-5,0,0,0,1,0,-1,0,0,0,0,0,0,0,0,0,0,0,0,0,0,0,0,0,0,0,0,0,0,0,0,0,0,0,0,0,0,0,0,0,0,0,-1,1,-1,1,0,0,-1,1,0,0,0,0,0,0,0,0,1,-1,0,0,0,0,0,0,0,0,-1
"364",3091,0,0,0,0,0,0,0,0,0,0,0,0,0,0,0,0,0,0,0,0,0,0,0,0,0,0,0,0,0,0,0,0,0,0,0,0,0,0,0,0,0,0,0,0,0,0,0,0,0,0,0,0,0,0,0,0,0,0,0,0,0,0,0,0,0,0,0,0,0,0,0,0,0,0,0,0,0,0,0,0,0,0,0,2,-2,0,0,0,0,0,0
"365",3092,0,0,0,0,0,0,0,0,0,0,0,0,0,0,0,0,0,0,0,0,0,0,0,0,0,0,0,0,0,0,0,0,0,0,0,0,0,0,0,1,-1,0,0,0,0,0,0,0,0,0,0,0,0,0,0,0,0,0,0,0,-1,0,1,0,0,0,0,0,0,-1,1,0,0,0,0,0,0,0,0,0,0,0,0,0,0,0,0,0,0,0,0
"366",3093,0,0,0,0,0,0,0,0,0,0,0,-1,0,0,0,0,0,0,1,-1,0,0,0,0,0,0,0,0,0,0,0,-13,-2,0,0,0,0,0,0,0,-1,0,0,0,0,0,0,0,0,0,0,0,0,0,0,0,0,0,0,0,0,0,0,0,-1,1,-1,1,0,0,0,0,0,0,0,0,0,0,0,0,0,0,0,0,0,0,0,0,0,0,0
"367",3094,0,0,0,0,0,0,0,0,0,0,0,0,0,0,0,0,0,0,0,0,0,0,0,0,0,0,0,0,0,0,0,0,0,0,0,0,0,0,0,0,0,0,0,0,0,0,0,0,0,0,0,0,0,0,0,0,0,0,0,0,0,0,0,0,0,0,0,0,0,0,0,0,0,0,0,0,0,0,0,0,0,0,0,0,0,0,0,0,0,0,0
"368",3095,0,0,0,0,0,0,0,0,0,0,0,0,0,0,0,0,0,0,0,0,0,0,0,0,0,0,0,0,0,0,0,0,0,0,0,0,0,0,0,0,0,0,0,0,0,0,0,0,0,0,0,0,0,0,0,0,0,0,0,0,0,0,0,1,-1,0,0,0,0,0,0,0,0,0,0,0,0,0,0,0,0,0,-1,0,0,0,0,0,0,0,0
"369",3097,0,0,0,0,0,0,0,0,0,0,0,0,0,0,0,0,0,0,0,0,0,0,0,0,0,0,0,0,0,0,0,0,0,0,0,0,0,0,0,0,0,0,0,0,0,0,0,0,0,0,0,0,0,0,0,0,0,0,0,0,0,0,0,0,1,-1,0,0,0,0,0,0,0,0,0,0,0,0,0,0,0,0,0,0,0,0,0,0,0,0,0
"370",3098,0,0,0,0,0,0,0,0,0,0,0,0,0,0,0,0,0,0,0,0,0,0,0,0,0,0,0,0,0,0,0,0,0,0,0,0,0,0,0,0,0,0,0,0,0,0,0,0,0,0,0,0,0,0,0,0,0,0,0,0,0,0,0,0,0,0,0,0,0,0,0,0,0,0,0,0,0,0,0,0,0,0,0,0,0,0,0,0,0,0,0
"371",3101,0,0,2,-2,0,0,0,0,0,0,0,0,0,0,0,0,0,0,0,0,0,0,0,0,0,0,0,0,0,0,0,0,-1,0,1,0,0,0,0,0,0,0,0,0,0,0,0,-1,1,0,0,0,0,0,0,0,0,0,0,0,0,0,0,0,0,0,0,0,0,0,0,0,0,0,0,0,0,0,0,0,1,-1,0,0,0,0,0,0,0,0,0
"372",3102,0,1,0,0,0,0,0,0,0,0,0,0,0,0,0,0,0,0,0,0,0,0,0,0,0,0,0,0,0,0,0,0,NA,NA,0,0,0,0,0,0,0,0,0,0,0,0,0,0,0,0,NA,NA,NA,0,0,0,0,0,0,0,0,0,0,0,0,0,0,0,-1,1,0,0,0,0,0,0,0,0,0,0,0,0,0,0,0,0,0,0,0,0,0
"373",3103,0,0,0,0,0,0,0,0,0,0,0,0,0,0,0,0,0,0,0,0,0,0,0,0,0,0,0,0,0,0,0,0,0,0,0,0,0,0,-8,NA,NA,NA,8,1,0,0,0,0,0,0,0,0,0,0,0,0,-3,0,0,0,0,0,0,0,0,0,0,0,0,0,0,-1,0,0,0,0,0,0,0,0,0,18,0,0,0,0,0,0,0,0,0
"374",3104,0,0,0,0,0,0,0,0,0,0,0,0,0,0,0,-1,1,0,-1,1,0,0,0,0,0,0,0,0,-1,1,0,0,0,0,0,0,0,-1,1,0,0,0,0,0,0,0,0,0,0,0,0,0,1,-1,0,0,0,0,0,0,0,-18,0,0,0,0,0,0,0,0,0,0,0,0,0,0,0,0,0,0,0,0,0,0,0,0,0,0,0,0,0
"375",3105,0,0,0,0,0,0,0,0,0,0,0,0,0,0,0,0,0,0,0,0,0,0,0,0,0,0,0,0,0,0,0,0,0,0,0,0,0,0,0,0,0,0,0,0,0,0,0,0,0,0,0,0,0,0,0,0,0,0,0,0,0,0,0,0,0,1,-1,0,0,0,0,0,0,0,0,0,0,0,0,0,0,0,0,0,0,0,0,0,0,0,0
"376",3106,0,1,-1,0,0,0,0,0,0,0,0,0,0,0,0,0,0,0,0,0,0,0,0,0,11,0,0,0,0,0,-1,1,0,0,0,0,0,0,0,0,NA,NA,NA,NA,NA,NA,NA,NA,NA,NA,0,0,0,0,0,0,0,0,0,0,1,-1,0,0,0,0,0,0,0,0,0,0,0,0,0,0,0,1,-1,0,0,0,0,0,0,0,0,0,0,0,0
"377",3107,0,-1,1,0,0,0,0,0,0,0,0,0,-1,1,0,0,0,0,0,0,-1,1,0,0,0,0,0,0,0,0,0,0,0,0,0,0,0,0,0,0,0,0,0,0,0,-1,1,0,0,0,0,0,0,-1,NA,NA,NA,NA,-1,2,-1,0,0,1,-1,-1,1,0,0,0,0,0,0,0,0,0,0,0,0,0,0,0,0,0,0,0,0,0,0,0,0
"378",3108,0,0,0,0,0,0,0,0,0,0,0,0,0,0,0,0,0,0,0,-1,1,0,0,0,0,0,0,0,0,0,0,0,0,0,0,0,0,0,0,0,0,0,0,0,0,0,0,0,0,0,0,0,0,0,0,0,0,0,0,0,0,-1,1,0,0,0,0,0,0,0,0,0,0,0,0,0,0,0,0,0,0,0,0,0,0,0,0,0,0,0,0
"379",3109,0,0,0,0,0,0,0,0,0,0,0,0,0,0,0,0,0,0,0,0,0,0,0,0,0,0,0,0,0,0,0,0,0,0,0,0,0,0,0,0,0,0,0,0,0,0,0,0,0,0,0,0,0,0,0,0,0,0,0,0,0,0,0,0,0,0,0,0,0,0,0,0,0,-1,1,0,0,0,0,0,0,0,0,0,0,0,0,0,0,0,0
"380",3110,0,0,0,0,0,0,0,0,0,0,0,0,0,0,0,0,0,0,0,0,0,0,0,0,0,0,0,0,6,0,0,0,0,0,0,0,0,0,0,0,0,0,0,0,0,0,0,0,0,0,0,0,0,0,0,0,0,0,0,0,0,0,0,0,2,-2,0,0,0,0,0,0,0,0,0,0,0,0,0,0,0,0,0,1,-1,0,0,0,0,0,0
"381",3111,0,0,0,0,0,0,0,0,0,0,0,0,0,0,0,0,0,0,0,0,0,0,0,0,0,0,0,0,0,0,6,0,0,0,0,0,0,0,0,0,0,0,0,0,0,0,0,0,-1,1,0,0,0,0,0,0,0,0,0,0,1,-1,0,2,-2,0,0,0,0,0,0,0,0,0,0,0,0,0,0,0,0,0,0,0,0,0,0,0,0,0,0
"382",3112,0,0,0,0,0,0,0,0,0,0,0,0,0,0,0,0,0,0,0,0,0,0,0,0,0,0,0,0,0,0,0,0,0,0,0,0,0,0,1,0,-1,0,0,0,0,0,0,0,0,0,0,0,0,0,0,0,0,0,0,0,0,0,0,0,0,0,0,0,0,0,0,0,0,0,0,0,0,0,-1,1,0,0,0,0,1,-1,0,0,0,0,0
"383",3113,0,0,0,0,0,0,0,0,0,0,0,0,0,0,0,0,0,0,0,0,0,0,0,0,0,0,0,0,0,0,0,0,0,0,0,0,0,0,0,0,0,0,0,0,0,0,0,0,0,0,0,0,0,0,0,0,0,0,0,0,0,1,-1,0,0,0,0,1,-1,0,0,0,0,0,0,0,0,0,0,0,0,0,0,0,0,0,0,0,0,0,0
"384",3114,0,0,0,0,0,0,0,0,0,0,0,0,0,0,0,0,0,0,0,0,0,0,0,0,0,0,0,0,0,0,0,0,0,0,0,0,0,0,0,0,0,0,0,0,0,0,0,0,0,0,0,0,0,0,0,0,0,0,0,-1,1,0,0,0,-1,1,0,0,0,0,0,0,0,0,0,0,0,0,0,0,0,0,0,0,0,0,0,0,0,0,0
"385",3115,0,0,0,0,0,0,0,0,0,0,0,0,0,0,0,0,0,0,0,0,0,0,0,0,0,0,0,0,1,-1,0,0,0,0,0,0,0,0,0,-1,0,0,0,-1,0,0,0,0,0,0,0,0,0,0,0,0,0,0,0,0,0,0,0,1,-1,0,0,0,0,0,0,0,0,0,0,0,0,0,0,0,0,0,0,0,0,0,0,-2,0,0,0
"386",3116,NA,NA,NA,NA,NA,NA,NA,NA,NA,NA,NA,NA,NA,NA,NA,NA,NA,NA,NA,NA,NA,NA,NA,NA,NA,NA,NA,NA,NA,NA,NA,NA,NA,NA,NA,NA,NA,NA,NA,NA,NA,NA,0,0,0,0,0,0,0,0,0,0,0,0,0,0,0,0,0,0,0,0,0,0,0,0,0,0,0,0,0,0,0,0,0,0,0,1,0,0,0,0,0,0,0,0,0,0,0,0,0
"387",3117,0,0,0,0,0,0,0,0,0,0,0,0,0,0,0,0,0,-1,0,0,0,0,0,0,0,0,0,0,0,0,0,0,0,0,0,0,0,0,0,0,0,0,0,0,1,0,0,0,0,0,0,0,0,0,0,0,0,0,0,0,0,0,0,0,1,-1,0,0,0,0,0,0,0,0,0,0,0,0,0,0,0,0,0,0,0,0,0,0,0,0,0
"388",3118,0,0,0,0,0,0,0,0,0,0,0,0,0,0,0,0,0,0,-1,1,0,0,1,0,0,0,0,0,0,0,0,0,-1,0,0,0,0,0,0,0,0,0,0,0,0,0,0,-1,1,0,0,0,0,0,0,0,0,0,0,10,0,0,0,0,0,0,0,0,0,0,0,0,0,0,0,0,0,0,0,0,0,0,0,0,0,0,0,0,0,0,0
"389",3119,0,0,0,0,0,0,0,0,0,0,0,0,0,0,0,0,0,0,0,0,0,0,1,-2,1,0,0,0,0,0,0,0,0,0,0,0,0,0,0,0,0,0,0,0,0,0,0,0,0,0,0,0,0,0,0,0,0,0,0,0,0,0,0,0,-1,0,1,1,-1,0,0,0,0,0,0,0,0,0,0,0,0,0,0,0,0,0,0,0,0,0,0
"390",3120,0,0,0,0,0,0,0,0,0,0,0,0,0,0,0,0,0,0,0,0,0,0,0,0,0,0,0,0,0,0,0,0,0,0,0,0,0,0,0,0,0,0,0,0,0,0,0,0,0,0,0,0,0,0,0,0,0,0,0,0,0,0,0,0,0,0,0,0,0,0,0,0,0,0,0,0,0,0,0,0,0,0,0,0,0,0,0,0,0,0,0
"391",3121,0,0,0,0,0,0,0,-1,0,0,0,NA,NA,0,0,0,0,0,0,1,0,0,0,0,0,0,0,0,0,0,0,0,0,0,0,0,0,0,0,1,-1,0,0,0,0,0,0,0,0,0,0,0,0,0,0,0,0,1,-1,0,0,0,0,0,-1,1,0,0,0,0,0,0,0,0,0,0,0,0,0,0,0,0,0,0,0,0,0,0,0,0,0
"392",3122,0,0,0,0,0,0,0,0,0,0,0,0,0,0,0,0,0,0,0,0,0,0,0,0,0,0,0,0,0,0,0,0,0,0,0,0,0,0,0,0,0,0,0,0,-1,1,0,0,0,0,0,0,0,0,0,0,0,0,0,0,0,0,0,0,0,0,0,0,0,0,0,0,0,0,0,0,0,0,0,0,0,0,0,0,0,0,0,0,0,0,0
"393",3123,0,0,0,0,0,0,0,0,0,0,0,0,0,0,0,0,0,0,0,0,0,0,0,0,0,0,0,0,0,0,0,0,0,0,0,0,0,0,0,0,0,0,0,0,0,0,0,0,0,0,0,0,0,0,0,0,-1,1,0,0,0,0,-1,1,0,0,0,0,0,0,0,0,0,0,0,0,0,0,0,0,0,0,0,0,0,0,0,0,0,0,0
"394",3124,0,0,0,0,0,0,0,0,0,0,0,0,0,0,0,0,0,0,0,0,0,0,0,0,0,0,0,-1,0,0,0,0,0,0,0,0,0,0,0,0,0,0,0,0,0,0,0,0,0,0,0,0,0,0,0,0,0,0,0,0,0,1,-1,0,0,0,0,0,0,0,0,0,0,0,0,0,0,0,0,0,0,0,0,0,0,0,0,0,0,0,0
"395",3125,0,0,0,0,0,0,0,0,0,0,0,0,0,0,0,0,0,0,0,0,0,0,0,0,0,0,0,0,0,0,0,0,0,0,0,0,0,0,0,0,0,0,0,0,0,0,0,0,0,0,0,0,0,0,0,0,0,0,0,0,0,0,0,0,0,0,0,0,0,0,0,0,0,0,0,0,0,0,0,0,0,0,0,0,0,0,0,0,0,0,0
"396",3126,0,0,0,0,0,0,0,0,0,0,0,0,0,0,0,0,0,0,0,1,-1,0,0,0,0,0,0,0,0,0,0,0,0,0,0,0,0,0,0,0,0,0,0,0,0,0,0,0,1,-1,0,0,0,0,0,0,0,0,1,0,0,-1,1,0,0,0,0,0,0,0,0,0,0,0,0,0,0,0,0,1,-1,0,0,0,0,0,0,0,0,0,0
"397",3127,0,0,0,0,0,0,0,0,0,0,0,0,0,0,0,0,0,0,0,0,0,0,0,0,0,0,0,0,0,0,0,0,0,0,0,0,0,0,0,0,0,0,0,0,0,0,0,0,0,0,0,0,0,0,0,0,0,0,0,0,0,0,0,0,0,0,0,0,0,0,0,0,0,0,0,0,0,0,0,0,0,0,0,0,0,0,0,0,0,0,0
"398",3128,0,0,0,0,0,0,0,0,0,0,0,0,0,0,0,0,0,0,0,0,0,0,0,0,0,0,0,0,0,0,0,0,0,0,0,0,0,0,0,0,0,1,-1,0,0,0,0,0,0,0,0,0,0,0,0,0,0,-11,0,0,0,0,0,0,0,0,0,0,0,0,0,0,0,0,0,0,0,0,0,0,0,0,0,0,0,0,0,0,0,0,0
"399",3129,0,0,0,0,0,0,0,0,0,0,0,-1,1,0,0,0,0,0,0,0,0,0,0,0,0,0,0,0,0,0,0,0,0,0,0,0,0,0,0,0,0,0,0,0,0,0,0,0,0,0,0,0,0,0,0,0,0,0,0,0,1,-1,0,0,1,-1,0,0,0,0,0,0,0,0,0,0,0,0,0,0,0,0,0,0,0,0,0,0,0,0,0
"400",3132,0,0,0,0,0,0,0,0,0,0,0,1,-1,0,0,0,0,0,0,-1,1,0,0,0,0,0,0,0,0,0,0,0,0,0,0,0,0,1,-1,0,0,0,0,0,0,0,0,-1,2,-1,0,0,0,0,0,0,0,0,0,0,0,0,0,-1,1,0,0,0,0,0,0,1,-1,0,0,0,0,0,0,0,0,0,0,0,0,0,0,0,0,0,0
"401",3134,0,0,0,0,0,0,0,25,0,0,0,0,0,0,0,-1,1,0,0,0,0,0,0,0,0,0,0,0,0,0,0,1,-1,0,0,2,0,0,0,0,0,0,0,1,-1,0,0,0,0,0,0,0,0,2,-2,0,0,1,-1,-1,2,-2,1,2,-2,0,0,0,0,0,1,-1,0,0,0,0,-1,1,0,0,0,0,0,0,0,0,0,0,0,0,0
"402",3135,0,0,0,0,0,0,0,0,0,0,0,0,0,-1,1,0,0,0,0,0,0,0,0,0,0,0,0,0,0,0,15,0,0,0,0,0,0,0,2,0,0,0,0,0,0,0,0,0,0,0,0,0,0,0,1,0,0,0,0,1,-3,0,0,-1,1,0,0,0,0,0,0,0,0,0,0,0,0,0,0,0,0,0,0,0,0,0,0,0,-1,1,0
"403",3136,0,0,0,0,0,0,0,0,0,0,0,0,0,0,0,0,0,0,0,0,0,0,0,0,0,0,0,0,1,-1,0,0,0,0,0,0,0,0,-1,0,0,0,0,0,0,0,0,0,0,0,1,-1,0,1,0,0,0,0,0,0,-1,0,0,0,0,-1,1,0,-1,0,-1,1,0,0,0,0,0,0,0,0,0,0,0,0,0,0,0,0,0,0,0
"404",3137,0,0,0,0,0,0,0,0,0,0,0,1,-1,0,0,0,0,0,0,0,0,0,0,0,0,0,0,0,0,0,0,0,0,0,0,0,0,-1,1,0,0,2,-2,-2,2,0,0,0,0,0,0,0,-1,-3,3,1,-1,1,-1,0,0,0,0,2,0,0,0,0,0,0,0,0,0,0,0,0,0,0,0,0,0,0,0,0,0,0,0,0,0,0,0
"405",3139,0,0,0,0,0,0,0,3,0,0,0,0,0,0,0,0,0,0,0,0,0,0,0,0,0,0,0,0,-1,1,0,0,0,0,0,0,0,0,0,0,0,0,0,0,0,0,-1,0,0,0,0,0,0,0,-1,0,0,0,0,-1,0,-1,1,0,-1,1,-1,0,1,0,0,0,0,0,0,0,0,0,0,0,0,0,0,0,0,0,0,0,0,0,0
"406",3140,0,0,0,0,0,0,0,0,0,0,-1,1,0,0,0,0,0,0,0,-1,0,1,0,0,0,0,0,0,0,0,0,0,0,0,0,-1,1,0,0,0,0,0,0,0,0,0,0,0,0,0,1,-1,0,0,0,0,0,0,0,-1,1,1,0,0,-1,1,-1,0,0,0,0,0,0,-1,0,0,-1,0,0,0,0,0,0,-1,1,0,0,0,0,0,0
"407",3141,0,0,0,0,0,0,0,0,0,0,0,0,0,0,0,0,-1,-13,-16,-16,0,0,0,-2,2,0,0,0,0,0,0,0,0,0,0,-2,2,0,0,0,0,0,0,0,0,0,0,0,0,0,0,0,-1,1,0,0,0,1,2,0,0,1,-1,2,-2,0,-1,1,0,0,0,0,0,0,0,0,0,0,0,-1,1,0,0,0,1,-2,1,0,0,0,0
"408",3142,0,0,0,0,0,0,0,0,0,0,0,0,0,0,0,0,0,0,0,0,1,-1,0,-1,1,0,0,0,0,0,0,0,0,0,0,1,-1,0,0,0,0,0,0,0,0,0,0,0,0,1,0,0,2,-2,0,-1,0,1,-1,0,0,0,0,1,-1,0,0,-1,0,0,0,-1,1,0,0,0,0,0,0,0,0,0,0,0,0,0,0,0,0,0,0
"409",3143,0,0,0,0,0,-1,1,1,0,0,0,0,0,0,0,0,0,0,0,-1,1,0,0,0,0,0,0,-1,1,0,0,0,0,0,0,0,0,0,0,0,0,0,0,0,0,0,0,0,0,0,0,-2,3,-2,-1,0,0,0,0,1,-2,0,2,0,-1,0,1,-1,0,0,0,0,0,0,0,0,0,0,0,0,0,0,0,0,0,0,0,0,0,0,0
"410",3144,0,0,0,0,0,0,0,0,0,0,0,0,0,0,0,0,0,0,0,0,0,1,-1,0,0,0,0,0,0,0,0,0,0,0,-1,0,0,-1,0,-1,0,0,0,1,-1,-1,1,0,0,0,0,0,0,0,0,0,0,0,0,0,0,-1,1,0,-1,1,0,0,0,0,0,0,0,0,0,0,0,-5,0,0,0,0,0,0,1,0,0,0,0,0,0
"411",3145,0,0,0,0,0,0,0,0,0,0,0,0,0,-1,1,0,0,0,0,0,-1,0,0,0,0,-1,0,0,1,-1,0,0,0,0,0,1,0,0,0,0,0,0,0,0,0,0,-1,0,0,0,0,0,0,0,0,0,0,1,-1,1,-1,-1,1,0,0,0,0,0,0,1,-2,2,-1,0,0,0,0,0,0,0,0,0,0,0,0,0,0,0,0,0,0
"412",3146,0,0,0,0,0,0,0,0,0,0,0,0,0,0,0,0,0,0,0,0,0,0,0,0,0,0,0,0,0,0,0,0,0,0,0,0,0,0,0,0,0,0,0,0,-1,1,0,0,0,0,0,0,0,0,0,0,0,0,0,0,0,0,0,0,1,-1,0,1,-1,0,0,0,0,-1,1,0,0,1,-1,0,0,0,0,0,0,0,0,0,0,0,0
"413",3147,0,0,0,0,0,0,0,0,0,0,0,0,-1,1,0,0,0,0,0,0,0,1,-1,1,-1,0,0,0,0,0,0,0,0,0,0,0,0,0,0,0,0,0,0,0,0,0,0,0,0,0,0,0,0,0,0,-1,0,0,0,0,0,0,0,0,0,0,-1,1,0,0,0,0,0,0,0,0,-5,0,0,0,0,0,0,0,0,0,0,0,0,0,0
"414",3148,0,0,0,0,0,0,0,0,0,0,0,0,0,0,0,0,0,0,0,0,0,0,0,0,0,0,0,0,0,0,0,0,0,0,0,0,0,0,0,0,0,0,0,0,0,0,0,0,0,0,0,0,0,0,0,0,0,0,0,0,0,0,0,1,-1,0,0,-1,1,0,0,0,0,0,0,0,0,0,0,0,0,0,0,0,0,0,0,0,0,0,0
"415",3149,0,0,0,0,0,0,0,0,0,0,0,0,0,0,0,0,0,0,0,0,0,0,0,0,0,0,0,0,0,0,0,0,0,16,0,0,0,0,0,0,0,0,0,0,0,0,0,0,0,-1,1,0,0,0,0,0,0,0,0,0,0,0,0,0,0,0,0,0,0,0,0,0,0,0,0,0,0,0,0,0,0,0,0,0,0,0,0,0,0,0,0
"416",3150,0,0,0,0,0,0,0,0,0,0,0,0,0,0,0,0,0,0,0,1,-1,25,19,0,0,0,0,0,0,0,0,0,0,0,0,-1,2,-1,0,0,0,1,-1,0,0,0,0,0,0,0,0,0,0,0,0,0,0,0,0,0,0,0,-5,-12,-2,-3,-3,0,-9,0,-13,-4,-1,-4,-12,0,0,0,0,0,1,-1,0,0,0,0,0,0,0,0,0
"417",3156,0,0,0,0,0,0,0,0,0,0,0,0,-1,0,0,-1,1,0,-1,0,1,-1,0,0,0,0,0,0,0,0,0,0,0,0,0,0,0,-1,1,0,0,0,-1,0,0,0,0,0,0,0,0,0,0,0,0,0,0,0,0,0,0,2,-1,-1,0,-1,0,1,1,-1,0,0,0,0,0,0,0,0,0,0,0,0,0,0,0,0,0,0,0,0,0
"418",3157,NA,NA,NA,NA,NA,NA,NA,NA,NA,NA,NA,NA,NA,NA,NA,NA,NA,NA,NA,NA,NA,NA,NA,NA,NA,NA,NA,NA,NA,NA,NA,NA,NA,0,3,13,-1,-1,1,0,0,1,0,0,0,0,0,-2,0,0,0,0,0,0,0,0,1,-1,0,0,0,0,-1,1,0,0,0,0,0,0,0,0,0,0,0,0,0,0,0,0,0,0,0,0,0,0,0,0,0,0,0
"419",3158,0,0,0,0,0,1,3,22,0,0,0,0,0,0,0,0,0,0,0,0,0,0,-1,1,0,0,0,0,0,0,0,0,0,0,0,0,0,-1,1,0,0,0,0,-1,1,0,1,0,0,0,0,-2,2,-1,0,0,0,0,0,0,1,-1,0,0,1,-1,-1,1,0,0,0,0,0,0,0,-1,1,-1,1,0,0,0,0,0,0,0,0,0,0,0,0
"420",3159,0,0,0,13,0,0,0,0,0,0,0,0,-1,1,0,0,0,0,0,0,0,0,0,0,0,0,0,0,-1,0,0,0,0,0,0,0,-1,1,0,0,0,0,0,0,0,0,0,0,0,0,0,0,0,0,0,0,0,0,0,0,0,0,2,-2,0,0,0,-1,1,0,0,0,0,0,0,0,0,0,0,0,0,0,0,0,0,0,0,0,-2,2,0
"421",3160,1,-1,0,0,0,0,0,0,0,0,0,0,0,0,0,0,0,0,0,0,0,-1,0,0,0,0,0,0,6,5,0,0,0,0,0,0,0,0,-2,2,0,1,-1,0,0,0,0,0,-3,3,0,0,0,0,0,1,-1,0,0,0,0,-1,0,0,1,-1,0,0,0,0,0,0,0,0,0,0,0,0,0,0,0,0,0,0,0,0,0,0,0,0,-1
"422",3161,0,0,0,0,0,0,0,0,0,0,0,0,0,0,0,0,0,0,-1,1,0,0,0,0,0,0,0,0,1,-1,0,-1,0,0,0,0,0,0,0,0,0,0,0,0,0,0,0,0,0,0,0,0,-1,1,0,0,0,0,0,0,0,-1,0,0,0,0,0,0,0,-1,1,-1,1,0,0,0,0,0,0,0,0,0,0,0,0,0,0,0,1,-1,0
"423",3163,0,0,0,0,0,0,0,0,0,0,0,0,0,0,0,0,0,-1,1,0,0,0,0,0,0,0,0,0,0,0,0,0,0,0,0,-1,1,0,0,0,0,0,0,0,0,0,0,0,0,0,0,0,0,0,-1,0,0,0,0,0,1,-1,0,-1,1,0,0,0,0,0,-1,1,0,-1,0,0,0,0,0,0,0,0,0,0,0,0,0,0,0,0,0
"424",3164,0,0,0,0,0,0,0,0,0,0,0,0,0,0,0,0,0,0,0,-1,1,0,0,0,-1,0,0,0,0,0,8,3,0,0,0,0,0,0,0,0,0,0,0,0,0,0,0,0,0,0,0,0,0,0,0,0,0,0,4,7,0,0,1,-1,0,0,0,0,0,-1,1,0,0,0,0,0,0,0,0,0,0,1,-1,1,-1,0,0,0,0,0,0
"425",3165,0,0,0,16,0,0,0,0,0,0,0,0,0,0,0,0,0,0,0,0,0,1,-1,0,0,0,0,0,0,0,-1,1,0,0,0,0,0,0,0,0,0,6,-6,0,1,0,0,0,0,0,0,0,0,0,0,0,0,0,0,0,0,0,0,0,0,0,0,0,0,0,0,0,0,0,0,0,0,0,0,0,0,0,0,0,0,0,0,0,0,0,0
"426",3166,0,0,0,0,0,0,0,0,0,0,0,0,0,0,0,1,-1,0,0,0,0,0,0,0,-1,1,0,0,0,0,0,0,0,0,0,0,0,0,-1,1,0,0,0,0,0,0,0,0,0,0,0,0,0,0,0,0,0,0,0,0,0,0,0,0,0,0,1,-1,0,0,0,0,0,0,0,0,-1,1,0,0,0,0,0,0,0,0,0,0,0,0,0
"427",3167,0,0,0,0,0,0,0,0,0,0,0,0,0,0,0,0,0,0,0,-1,1,0,-1,0,1,0,1,-1,0,0,0,0,0,0,0,0,0,0,-2,2,0,0,0,0,0,0,0,0,-1,1,0,0,0,0,0,0,1,-1,0,0,0,0,0,0,1,-2,1,0,0,-1,1,-1,1,0,0,0,0,0,0,0,0,0,0,0,0,0,0,0,0,0,0
"428",3168,0,0,0,0,0,0,0,0,0,0,0,0,0,0,0,0,0,0,0,0,0,0,0,0,-1,0,0,0,0,0,0,0,2,0,-1,0,-1,16,0,0,0,0,0,0,-2,2,0,0,0,0,0,0,0,0,1,-1,0,-1,1,-1,1,0,0,2,-1,-1,0,0,0,0,0,0,0,0,0,0,0,0,0,0,0,0,0,0,0,0,0,0,0,0,0
"429",3169,0,0,0,0,0,0,0,0,0,0,0,0,0,0,0,-1,1,0,0,0,1,-1,0,0,0,0,0,-1,0,0,0,0,0,0,0,0,0,0,0,0,0,0,0,0,0,0,0,0,0,0,0,0,0,0,0,0,0,0,0,0,1,-1,0,0,0,0,0,0,0,0,0,1,-1,0,0,0,0,0,0,0,0,0,0,0,0,0,0,0,0,0,0
"430",3170,0,0,0,0,0,0,0,0,0,0,0,0,0,0,-1,1,0,0,0,-1,12,-1,1,0,15,0,0,0,-1,1,0,0,-1,0,0,0,0,0,7,4,0,0,0,0,0,0,0,1,-1,0,0,0,0,0,0,0,0,-1,1,0,8,0,0,0,-1,1,-1,1,0,0,0,0,0,0,0,0,0,0,0,0,0,0,0,0,0,0,0,0,0,0,0
"431",3172,0,0,7,2,0,0,0,0,0,0,0,0,0,0,0,0,0,0,0,0,0,0,11,0,-1,1,0,0,0,0,0,1,0,0,0,0,0,0,1,0,0,0,0,0,0,0,0,0,0,0,0,0,0,0,0,0,0,0,0,0,0,0,0,0,-1,1,0,0,-1,1,0,0,0,0,0,1,-1,0,0,0,0,0,0,-1,1,0,0,0,0,0,0
"432",3175,0,0,0,0,0,0,0,0,0,0,0,-1,-1,1,0,0,0,0,0,0,0,0,1,-1,0,0,15,0,0,0,0,0,0,0,0,0,0,0,0,-1,1,0,0,-1,1,0,0,0,1,-1,0,0,0,0,0,0,0,-1,1,0,0,-2,0,1,0,-1,0,0,0,0,0,0,0,0,0,0,0,0,0,0,0,0,0,0,0,0,0,0,-1,1,0
"433",3176,0,0,0,0,0,0,0,0,0,0,0,0,0,0,0,-1,1,0,0,0,0,0,0,0,0,0,0,0,0,0,0,0,0,0,0,1,-1,1,-2,0,0,0,0,0,-1,1,0,0,0,0,0,0,0,0,0,0,0,0,0,0,0,0,-1,1,0,0,-1,1,0,1,-2,1,0,0,0,0,0,0,0,0,0,0,0,0,0,0,0,0,0,0,0
"434",3177,0,0,0,0,0,0,0,0,0,0,0,0,0,0,0,0,0,0,0,0,0,0,15,0,0,0,-1,0,0,0,0,0,0,0,0,0,1,-1,14,0,0,0,0,0,0,0,0,0,0,0,0,0,0,1,-1,0,0,0,0,0,-6,3,-6,-5,0,-5,-2,-3,0,-6,-3,3,0,-5,1,-20,0,0,0,0,0,0,0,-1,0,0,0,0,0,0,0
"435",3178,0,0,0,0,0,0,0,0,0,0,0,0,0,0,0,0,0,0,0,0,0,0,0,0,0,-1,0,0,0,0,0,0,0,0,0,0,0,0,0,0,0,0,0,0,0,0,0,0,0,0,0,0,0,0,0,0,0,1,-1,0,1,-2,0,0,0,0,-1,1,-1,0,0,1,-1,0,0,0,-1,0,0,0,0,0,0,0,0,0,0,0,0,0,0
"436",3179,0,0,0,0,0,0,0,0,0,0,0,0,0,0,0,0,0,0,0,0,0,0,0,0,0,0,0,0,0,0,0,0,0,0,0,0,0,0,0,0,0,0,0,0,0,0,1,0,0,0,0,0,0,0,0,0,0,0,0,0,0,0,0,0,0,0,0,0,0,0,0,0,0,0,0,0,0,0,0,0,0,0,0,-1,1,0,0,0,0,0,0
"437",3180,0,0,0,0,0,0,0,0,0,0,0,0,0,0,0,0,0,0,0,0,0,0,0,0,0,0,0,0,0,0,0,0,0,0,0,0,0,0,0,0,0,0,0,0,0,0,0,0,0,0,0,0,0,0,0,0,0,0,0,0,0,0,0,0,0,0,0,0,0,0,0,0,0,0,0,0,0,0,0,0,0,0,0,0,0,0,0,0,0,0,0
"438",3221,0,0,0,0,0,0,0,0,0,0,0,0,0,0,0,0,0,0,0,0,0,0,0,0,0,0,0,0,0,0,0,0,0,0,0,0,0,0,0,0,0,0,0,0,0,0,0,0,0,0,0,-1,1,0,0,0,0,0,0,0,0,0,0,0,0,0,0,0,0,0,0,0,0,0,0,0,0,0,0,0,0,0,0,0,0,0,0,0,0,0,0
"439",3222,0,0,0,0,0,0,0,0,0,0,0,0,0,0,0,0,0,0,0,0,0,0,-1,0,0,0,-1,0,1,0,0,0,0,0,0,0,0,0,0,0,0,0,0,0,0,0,0,-1,1,2,-1,0,0,0,0,0,0,0,0,0,0,1,-1,0,0,0,-1,0,1,-1,0,0,0,0,0,0,0,0,0,0,0,0,0,0,0,0,0,0,0,-1,1
"440",3223,0,0,0,0,0,0,0,0,0,0,0,0,0,0,0,0,0,-1,0,0,1,-1,0,1,-1,0,0,0,0,0,0,0,0,0,0,0,0,0,0,0,0,0,0,0,0,0,0,0,0,0,0,0,0,0,0,0,0,0,-2,2,0,-1,1,0,0,0,0,0,0,0,0,0,0,0,0,-1,1,0,1,-1,0,0,0,0,0,0,0,0,0,0,0
"441",3224,0,0,0,0,0,0,0,0,0,3,-1,0,0,0,0,0,0,0,0,0,0,0,0,0,0,0,0,0,-1,0,0,0,0,0,0,0,0,0,0,0,0,0,0,0,0,0,0,0,0,0,0,0,0,0,0,0,-1,1,0,1,-1,0,0,-3,3,0,0,0,0,0,0,0,0,0,0,0,0,0,0,0,0,0,0,0,0,0,0,0,0,0,0
"442",3226,0,0,0,0,0,0,0,0,0,-2,0,2,0,0,0,0,0,0,0,0,0,0,0,0,0,0,-1,0,0,0,0,0,0,0,0,0,0,0,0,0,0,0,0,0,0,0,0,0,0,0,1,-1,0,0,0,0,0,0,0,0,0,0,0,0,1,-2,1,0,0,1,-1,0,0,0,0,0,0,0,0,0,0,0,0,0,0,0,0,0,0,0,0
"443",3229,0,0,0,0,0,0,0,0,0,0,0,0,0,0,0,-1,1,0,0,0,0,0,0,0,0,0,0,0,0,0,0,0,0,0,0,0,0,0,0,0,0,0,0,0,0,0,0,0,0,0,0,0,0,0,0,0,0,0,0,0,0,0,0,0,0,0,0,0,0,0,0,0,0,0,0,0,0,0,0,0,0,0,0,0,0,0,0,0,0,0,0
"444",3230,NA,NA,NA,NA,NA,NA,NA,NA,NA,NA,0,15,24,24,44,25,34,26,44,20,33,34,18,16,16,7,4,NA,NA,NA,NA,NA,NA,NA,NA,NA,NA,NA,NA,NA,NA,NA,NA,NA,NA,NA,NA,NA,NA,NA,0,0,-3,-2,-4,-5,-1,-2,-8,-21,-47,-48,-31,-22,-2,-5,NA,NA,NA,NA,NA,NA,NA,NA,NA,NA,NA,NA,NA,NA,NA,NA,NA,NA,NA,NA,NA,NA,NA,NA,NA
"445",3231,0,19,0,0,0,0,0,0,0,0,0,0,-1,0,-1,1,0,0,0,0,0,0,0,0,0,0,0,0,0,0,0,0,0,-3,0,0,0,0,0,0,0,0,0,0,0,0,0,0,0,0,0,0,0,1,-1,0,0,0,0,-2,2,0,1,-2,0,0,0,0,-1,1,-3,2,1,0,0,-1,1,0,0,0,-1,1,0,0,0,0,0,0,0,0,0
"446",3232,0,0,0,0,0,0,0,0,0,0,0,0,0,0,0,0,0,0,0,0,0,0,0,0,0,0,0,0,0,0,0,0,0,0,0,0,0,0,0,0,0,0,0,0,0,0,0,0,-2,0,0,0,0,0,0,0,0,0,0,0,0,0,0,0,0,0,0,0,0,0,0,0,0,0,0,0,0,0,0,0,0,0,0,0,0,0,0,0,0,0,0
